,market_ret
2010-12-13,0.0288323994
2010-12-14,0.0014105593
2010-12-15,-0.005351072100000001
2010-12-16,-0.0045599836
2010-12-17,-0.0015175261000000002
2010-12-20,-0.0141076945
2010-12-21,0.0179461996
2010-12-22,-0.0090268464
2010-12-23,-0.007880746400000001
2010-12-24,-0.0070267789999999995
2010-12-27,-0.0189601493
2010-12-28,-0.0174056106
2010-12-29,0.0067826812000000005
2010-12-30,0.0029249213
2010-12-31,0.017575894800000002
2011-01-04,0.015872428
2011-01-05,-0.0049270012
2011-01-06,-0.0050715266
2011-01-07,0.0051710274
2011-01-10,-0.016553467500000002
2011-01-11,0.0043835377
2011-01-12,0.0061546757
2011-01-13,0.0022712894
2011-01-14,-0.0128616306
2011-01-17,-0.0303380737
2011-01-18,0.0008567755
2011-01-19,0.0181315544
2011-01-20,-0.0291668495
2011-01-21,0.0140578387
2011-01-24,-0.0072087958
2011-01-25,-0.0067840873999999995
2011-01-26,0.011720932600000001
2011-01-27,0.014890649600000002
2011-01-28,0.0013094957
2011-01-31,0.0137840341
2011-02-01,0.0029619872
2011-02-09,-0.0088943751
2011-02-10,0.0158965273
2011-02-11,0.0032521185
2011-02-14,0.025397124099999998
2011-02-15,3.55279e-05
2011-02-16,0.008505341199999999
2011-02-17,0.0010492849
2011-02-18,-0.0092833393
2011-02-21,0.0111918372
2011-02-22,-0.0261676544
2011-02-23,0.0024927194
2011-02-24,0.0055784288
2011-02-25,-1.3200799999999999e-05
2011-02-28,0.0092018072
2011-03-01,0.0047734069
2011-03-02,-0.0017513327
2011-03-03,-0.0037167857
2011-03-04,0.0135474675
2011-03-07,0.018320664099999998
2011-03-08,0.0012452394
2011-03-09,0.0007373476
2011-03-10,-0.0149929018
2011-03-11,-0.0078951204
2011-03-14,0.0013058168
2011-03-15,-0.0140831358
2011-03-16,0.0119285036
2011-03-17,-0.0114323578
2011-03-18,0.0033092902000000004
2011-03-21,0.0007743682000000001
2011-03-22,0.0034391643
2011-03-23,0.010049185700000001
2011-03-24,-0.0006006491
2011-03-25,0.010556872699999999
2011-03-28,0.0020790419
2011-03-29,-0.008688993499999999
2011-03-30,-0.0007795605
2011-03-31,-0.0093579645
2011-04-01,0.0134212808
2011-04-06,0.0114409536
2011-04-07,0.0021820108
2011-04-08,0.0073512862
2011-04-11,-0.0024009735
2011-04-12,-0.00045554600000000003
2011-04-13,0.0096078963
2011-04-14,-0.0025449138
2011-04-15,0.0025934757000000003
2011-04-18,0.0022301072
2011-04-19,-0.0190650074
2011-04-20,0.0026661856
2011-04-21,0.0065283533
2011-04-22,-0.0053362311
2011-04-25,-0.0151356063
2011-04-26,-0.008758998
2011-04-27,-0.0046182674
2011-04-28,-0.0131140682
2011-04-29,0.008474758300000001
2011-05-03,0.0071018107
2011-05-04,-0.022567106899999998
2011-05-05,0.0022285283
2011-05-06,-0.0029654603
2011-05-09,0.0029938343
2011-05-10,0.0063269811
2011-05-11,-0.0024956463
2011-05-12,-0.0136424801
2011-05-13,0.0094751103
2011-05-16,-0.0076502135
2011-05-17,0.0013007767
2011-05-18,0.0070100215
2011-05-19,-0.0045938225
2011-05-20,-0.0003899182
2011-05-23,-0.0293479809
2011-05-24,-0.002707808
2011-05-25,-0.0091487126
2011-05-26,-0.0019017113999999999
2011-05-27,-0.0097130414
2011-05-30,-0.0013232731
2011-05-31,0.0137125092
2011-06-01,3.64502e-05
2011-06-02,-0.013993071800000001
2011-06-03,0.008442688299999999
2011-06-07,0.0059676982
2011-06-08,0.0021819772
2011-06-09,-0.0170683943
2011-06-10,0.0006651019
2011-06-13,-0.0017610898999999998
2011-06-14,0.0109840137
2011-06-15,-0.0090141536
2011-06-16,-0.0152094066
2011-06-17,-0.0080565766
2011-06-20,-0.0081598506
2011-06-21,0.009625167799999999
2011-06-22,0.0010723666
2011-06-23,0.0146935762
2011-06-24,0.0215612467
2011-06-27,0.0043765756
2011-06-28,0.00035239989999999997
2011-06-29,-0.0111332914
2011-06-30,0.012311969700000001
2011-07-01,-0.0009825943
2011-07-04,0.0193725941
2011-07-05,0.0012574578
2011-07-06,-0.0020863847
2011-07-07,-0.0057684117
2011-07-08,0.0012550698
2011-07-11,0.001757826
2011-07-12,-0.0171656393
2011-07-13,0.014845809599999999
2011-07-14,0.0053543654
2011-07-15,0.0034603073000000002
2011-07-18,-0.0012343232
2011-07-19,-0.006995805000000001
2011-07-20,-0.000993213
2011-07-21,-0.0101320411
2011-07-22,0.0017701328999999999
2011-07-25,-0.0296103277
2011-07-26,0.005311026
2011-07-27,0.007571514299999999
2011-07-28,-0.00540299
2011-07-29,-0.0026019122
2011-08-01,0.0007602539
2011-08-02,-0.0090702545
2011-08-03,-0.0002888858
2011-08-04,0.0020735602
2011-08-05,-0.021466156
2011-08-08,-0.0379249649
2011-08-09,-0.0002952332
2011-08-10,0.0091470149
2011-08-11,0.0126833141
2011-08-12,0.0045186767
2011-08-15,0.0129559424
2011-08-16,-0.0070824625
2011-08-17,-0.0026474542
2011-08-18,-0.0160649008
2011-08-19,-0.00981218
2011-08-22,-0.0072977062
2011-08-23,0.0151661676
2011-08-24,-0.0050618261
2011-08-25,0.029188250199999998
2011-08-26,-0.0011750260999999998
2011-08-29,-0.0136954155
2011-08-30,-0.0038107244000000003
2011-08-31,0.0002902678
2011-09-01,-0.0044006637
2011-09-02,-0.010861323899999999
2011-09-05,-0.0195947443
2011-09-06,-0.0033141852
2011-09-07,0.0184438605
2011-09-08,-0.0068149391
2011-09-09,-0.0004762013
2011-09-13,-0.0105887171
2011-09-14,0.0054716031
2011-09-15,-0.0023228981
2011-09-16,0.0013263117999999998
2011-09-19,-0.017945948599999997
2011-09-20,0.0040856594
2011-09-21,0.026639921100000002
2011-09-22,-0.0278181573
2011-09-23,-0.0040514814
2011-09-26,-0.0164296702
2011-09-27,0.0091388749
2011-09-28,-0.009520284
2011-09-29,-0.011169861000000001
2011-09-30,-0.0025886309
2011-10-10,-0.0061176999
2011-10-11,0.0015903364
2011-10-12,0.0304379446
2011-10-13,0.0077644628
2011-10-14,-0.0030404421999999996
2011-10-17,0.0037127139999999998
2011-10-18,-0.0233227968
2011-10-19,-0.0025059944000000002
2011-10-20,-0.0194093658
2011-10-21,-0.006044096
2011-10-24,0.0228967214
2011-10-25,0.0165964023
2011-10-26,0.007390217399999999
2011-10-27,0.0033507999999999997
2011-10-28,0.0155180583
2011-10-31,-0.0020861887
2011-11-01,0.0007167021
2011-11-02,0.0138011084
2011-11-03,0.001590187
2011-11-04,0.0080555323
2011-11-07,-0.0073152094
2011-11-08,-0.0023758875
2011-11-09,0.0084202799
2011-11-10,-0.0179740419
2011-11-11,0.0006243104
2011-11-14,0.019197254100000002
2011-11-15,0.00041404450000000003
2011-11-16,-0.0248252701
2011-11-17,-0.0015861634
2011-11-18,-0.0188725667
2011-11-21,-0.0005925774000000001
2011-11-22,-0.0010372112
2011-11-23,-0.0072783794
2011-11-24,0.0010392202
2011-11-25,-0.007228200099999999
2011-11-28,0.0011805612
2011-11-29,0.012320008899999998
2011-11-30,-0.0327388614
2011-12-01,0.022904636699999998
2011-12-02,-0.0109750886
2011-12-05,-0.0116217302
2011-12-06,-0.0031389975
2011-12-07,0.0029343417
2011-12-08,-0.0012474654
2011-12-09,-0.0062451176
2011-12-12,-0.010247185
2011-12-13,-0.0187449952
2011-12-14,-0.008923369799999999
2011-12-15,-0.0213728812
2011-12-16,0.0201499843
2011-12-19,-0.0029687528
2011-12-20,-0.0010391144
2011-12-21,-0.011183566300000001
2011-12-22,-0.002213908
2011-12-23,0.0084558502
2011-12-26,-0.0066555273
2011-12-27,-0.0109149769
2011-12-28,0.001757913
2011-12-29,0.0016350132000000001
2011-12-30,0.011895686400000001
2012-01-04,-0.0136522542
2012-01-05,-0.009651561
2012-01-06,0.006955240299999999
2012-01-09,0.0288874662
2012-01-10,0.0268899182
2012-01-11,-0.0042428198
2012-01-12,-0.0004551753
2012-01-13,-0.0133757654
2012-01-16,-0.017102085899999998
2012-01-17,0.041783742400000004
2012-01-18,-0.013919393499999998
2012-01-19,0.0131006043
2012-01-20,0.010035822000000002
2012-01-30,-0.0146952419
2012-01-31,0.0033137304
2012-02-01,-0.0106995957
2012-02-02,0.0196095376
2012-02-03,0.007718299600000001
2012-02-06,0.00031367939999999995
2012-02-07,-0.0168304209
2012-02-08,0.0242715439
2012-02-09,0.0008770920999999999
2012-02-10,0.0010180504
2012-02-13,-5.35719e-05
2012-02-14,-0.0030120905
2012-02-15,0.0093531522
2012-02-16,-0.0041585295
2012-02-17,0.00013619819999999999
2012-02-20,0.0027218953000000003
2012-02-21,0.007544856399999999
2012-02-22,0.0093040736
2012-02-23,0.0024825396
2012-02-24,0.012481148
2012-02-27,0.0030451363999999996
2012-02-28,0.0019615399
2012-02-29,-0.009531551000000001
2012-03-01,-0.0009767398
2012-03-02,0.014252415899999999
2012-03-05,-0.006376658899999999
2012-03-06,-0.0141337308
2012-03-07,-0.0064929919999999995
2012-03-08,0.0106405812
2012-03-09,0.0079271951
2012-03-12,-0.0018868915
2012-03-13,0.0085984445
2012-03-14,-0.026290875300000002
2012-03-15,-0.0073000088
2012-03-16,0.013043364699999999
2012-03-19,0.0022655294
2012-03-20,-0.0138350433
2012-03-21,0.0005705056
2012-03-22,-0.0010188399
2012-03-23,-0.011041884500000002
2012-03-26,0.0004511523
2012-03-27,-0.0014549482999999998
2012-03-28,-0.0265416485
2012-03-29,-0.0143206583
2012-03-30,0.0047190253
2012-04-05,0.017435570600000002
2012-04-06,0.0018729577
2012-04-09,-0.0090073803
2012-04-10,0.0087873839
2012-04-11,0.0013279193
2012-04-12,0.0181638641
2012-04-13,0.0035293407
2012-04-16,-0.0009049827
2012-04-17,-0.0093511909
2012-04-18,0.0196416679
2012-04-19,-0.0009299208
2012-04-20,0.0118677359
2012-04-23,-0.007592870900000001
2012-04-24,0.0001029897
2012-04-25,0.007526266
2012-04-26,-0.0008791709000000001
2012-04-27,-0.0034852624
2012-05-02,0.0175769807
2012-05-03,0.0006742025999999999
2012-05-04,0.0048908233
2012-05-07,-2.73245e-05
2012-05-08,-0.0012492113
2012-05-09,-0.0164552506
2012-05-10,0.0006821427
2012-05-11,-0.0063259523
2012-05-14,-0.005953278199999999
2012-05-15,-0.0024706759
2012-05-16,-0.0120643765
2012-05-17,0.013934920900000002
2012-05-18,-0.014446257600000002
2012-05-21,0.0016122703
2012-05-22,0.0106489801
2012-05-23,-0.004158754
2012-05-24,-0.0052736756
2012-05-25,-0.007409698
2012-05-28,0.0119191636
2012-05-29,0.011971455499999999
2012-05-30,-0.0020789777
2012-05-31,-0.005214143
2012-06-01,0.0005066954
2012-06-04,-0.027338424099999998
2012-06-05,0.0014580581000000002
2012-06-06,-0.0010212309
2012-06-07,-0.007111759600000001
2012-06-08,-0.0050947831
2012-06-11,0.0106989117
2012-06-12,-0.0069670439
2012-06-13,0.0127229952
2012-06-14,-0.009908906
2012-06-15,0.004749240599999999
2012-06-18,0.0039889893
2012-06-19,-0.0065875032
2012-06-20,-0.0034414192
2012-06-21,-0.0139562654
2012-06-25,-0.0162605042
2012-06-26,-0.0009203665
2012-06-27,-0.0023100114
2012-06-28,-0.0095135895
2012-06-29,0.013474551699999998
2012-07-02,0.0003051094
2012-07-03,0.0013849270999999998
2012-07-04,-0.0008424573
2012-07-05,-0.0116561869
2012-07-06,0.0100965179
2012-07-09,-0.023729761800000002
2012-07-10,-0.0029376077
2012-07-11,0.0050572043
2012-07-12,0.0046465381
2012-07-13,0.0001848555
2012-07-16,-0.0173567349
2012-07-17,0.0061598125
2012-07-18,0.0036614154999999996
2012-07-19,0.007257391199999999
2012-07-20,-0.007416100300000001
2012-07-23,-0.0125590347
2012-07-24,0.0024222449
2012-07-25,-0.0048625983
2012-07-26,-0.0047501324
2012-07-27,0.0012986805000000001
2012-07-30,-0.0088553692
2012-07-31,-0.0029764246
2012-08-01,0.0093771065
2012-08-02,-0.0057352498
2012-08-03,0.0102378667
2012-08-06,0.010371362299999999
2012-08-07,0.0012548053
2012-08-08,0.0015619062000000001
2012-08-09,0.0060675894
2012-08-10,-0.0024322686
2012-08-13,-0.0150939638
2012-08-14,0.0030181481999999996
2012-08-15,-0.011005705900000001
2012-08-16,-0.0031846037
2012-08-17,0.0012754492
2012-08-20,-0.0037514936
2012-08-21,0.0053684056999999995
2012-08-22,-0.0049837886
2012-08-23,0.0025435175999999997
2012-08-24,-0.009922993599999999
2012-08-27,-0.0173968407
2012-08-28,0.0084866139
2012-08-29,-0.0096080658
2012-08-30,-0.00031657360000000005
2012-08-31,-0.0024666457
2012-09-03,0.0056775947
2012-09-04,-0.0075264175
2012-09-05,-0.0029202666
2012-09-06,0.006986864000000001
2012-09-07,0.036962490699999996
2012-09-10,0.0033514087
2012-09-11,-0.0067164959
2012-09-12,0.0028294493
2012-09-13,-0.0076062023
2012-09-14,0.0063817921
2012-09-17,-0.0213513497
2012-09-18,-0.0091205196
2012-09-19,0.0040241937
2012-09-20,-0.0207918345
2012-09-21,0.0009151354
2012-09-24,0.0032081867
2012-09-25,-0.0019176743
2012-09-26,-0.0123791882
2012-09-27,0.026021219699999997
2012-09-28,0.0145142568
2012-10-08,-0.0056323337
2012-10-09,0.0196734604
2012-10-10,0.0022276537
2012-10-11,-0.0080539939
2012-10-12,0.0009815167
2012-10-15,-0.0029592405
2012-10-16,5.00309e-05
2012-10-17,0.0032446988999999997
2012-10-18,0.0123811632
2012-10-19,-0.0015884126000000002
2012-10-22,0.0020936878
2012-10-23,-0.0085855967
2012-10-24,0.0007297416
2012-10-25,-0.0068100511
2012-10-26,-0.0168306703
2012-10-29,-0.0035165851999999997
2012-10-30,0.0016532754999999998
2012-10-31,0.0031677501
2012-11-01,0.0171822435
2012-11-02,0.0059959286
2012-11-05,-0.0014260436
2012-11-06,-0.0037974917000000003
2012-11-07,-0.0001277304
2012-11-08,-0.016251371299999998
2012-11-09,-0.0011788508
2012-11-12,0.0049331414
2012-11-13,-0.0150942108
2012-11-14,0.0036769571000000003
2012-11-15,-0.0122257311
2012-11-16,-0.0076663925
2012-11-19,0.0011202521
2012-11-20,-0.0039955736
2012-11-21,0.010650482900000001
2012-11-22,-0.0072441818
2012-11-23,0.0058409088
2012-11-26,-0.004893005000000001
2012-11-27,-0.0130356725
2012-11-28,-0.0088601397
2012-11-29,-0.0050848153
2012-11-30,0.0084691121
2012-12-03,-0.010277170499999998
2012-12-04,0.0078458307
2012-12-05,0.028739184999999997
2012-12-06,-0.0013140365000000002
2012-12-07,0.016040019000000003
2012-12-10,0.0106626003
2012-12-11,-0.0043507681
2012-12-12,0.0038665757
2012-12-13,-0.0102029744
2012-12-14,0.043245228200000006
2012-12-17,0.0045182213999999995
2012-12-18,0.0009822519
2012-12-19,-0.000104048
2012-12-20,0.0028276245
2012-12-21,-0.0069375235
2012-12-24,0.0026670568
2012-12-25,0.0252694121
2012-12-26,0.0024941148
2012-12-27,-0.0059640436
2012-12-28,0.012400851
2012-12-31,0.0160644656
2013-01-04,0.0034656484999999997
2013-01-07,0.0036767806
2013-01-08,-0.0040667482
2013-01-09,-0.0003207283
2013-01-10,0.0036557174
2013-01-11,-0.0178052055
2013-01-14,0.0306478341
2013-01-15,0.006030955
2013-01-16,-0.006958389000000001
2013-01-17,-0.0106473309
2013-01-18,0.0140753964
2013-01-21,0.0048125434
2013-01-22,-0.0056188824000000005
2013-01-23,0.0024931548
2013-01-24,-0.0078904361
2013-01-25,-0.0049048944
2013-01-28,0.0240915217
2013-01-29,0.0053151389
2013-01-30,0.0099610975
2013-01-31,0.001236949
2013-02-01,0.0140847196
2013-02-04,0.0037759092999999997
2013-02-05,0.0020492934
2013-02-06,0.0005536079
2013-02-07,-0.0065504829
2013-02-08,0.0057357155
2013-02-18,-0.0044581447000000005
2013-02-19,-0.015958321
2013-02-20,0.0059859483
2013-02-21,-0.029712854
2013-02-22,-0.0050676046
2013-02-25,0.005036376
2013-02-26,-0.0139641133
2013-02-27,0.0086681396
2013-02-28,0.0226407346
2013-03-01,-0.0025731391999999995
2013-03-04,-0.0364915368
2013-03-05,0.0232699511
2013-03-06,0.0089725943
2013-03-07,-0.0097504281
2013-03-08,-0.0024446143
2013-03-11,-0.0034581049000000003
2013-03-12,-0.0103817505
2013-03-13,-0.0098998297
2013-03-14,0.0027867002
2013-03-15,0.003578418
2013-03-18,-0.0168473416
2013-03-19,0.0077758373
2013-03-20,0.0265522713
2013-03-21,0.0029636994
2013-03-22,0.0017364801
2013-03-25,-0.0006713115999999999
2013-03-26,-0.0124836948
2013-03-27,0.0015624531
2013-03-28,-0.028226722899999997
2013-03-29,0.0001426462
2013-04-01,-0.0009952513
2013-04-02,-0.0029784348999999997
2013-04-03,-0.0010975248
2013-04-08,-0.0061578353
2013-04-09,0.0064130274
2013-04-10,0.0001576979
2013-04-11,-0.0029526631
2013-04-12,-0.005754762300000001
2013-04-15,-0.011255313199999999
2013-04-16,0.0059139977
2013-04-17,-0.00047839350000000003
2013-04-18,0.0017348924
2013-04-19,0.0214056048
2013-04-22,-0.0011021797
2013-04-23,-0.0257032365
2013-04-24,0.015463223800000002
2013-04-25,-0.0085700066
2013-04-26,-0.0097280643
2013-05-02,-0.0017397397000000002
2013-05-03,0.0144306463
2013-05-06,0.0116386465
2013-05-07,0.0019760968
2013-05-08,0.0047974235
2013-05-09,-0.005933757699999999
2013-05-10,0.0062069772
2013-05-13,-0.0021857452
2013-05-14,-0.011111012
2013-05-15,0.0035123883
2013-05-16,0.012139984
2013-05-17,0.0137951493
2013-05-20,0.0074975798
2013-05-21,0.0022295788
2013-05-22,-0.0011760807
2013-05-23,-0.0116122156
2013-05-24,0.005653727
2013-05-27,0.0019855514
2013-05-28,0.0123157661
2013-05-29,0.0011627015
2013-05-30,-0.0026970543
2013-05-31,-0.0074011465
2013-06-03,-0.000583762
2013-06-04,-0.0116716219
2013-06-05,-0.0006534895
2013-06-06,-0.0126912707
2013-06-07,-0.0139208157
2013-06-13,-0.0282885054
2013-06-14,0.006370455499999999
2013-06-17,-0.0026946759999999996
2013-06-18,0.0014265738999999999
2013-06-19,-0.0073343519
2013-06-20,-0.027727676899999998
2013-06-21,-0.0052427495
2013-06-24,-0.0529932299
2013-06-25,-0.0018983973000000001
2013-06-26,-0.0040892918
2013-06-27,-0.0007594178
2013-06-28,0.0149706694
2013-07-01,0.008102239
2013-07-02,0.0056724949
2013-07-03,-0.006125907000000001
2013-07-04,0.0059320011
2013-07-05,0.0005488266
2013-07-08,-0.024375261199999998
2013-07-09,0.0036670066
2013-07-10,0.021711014400000003
2013-07-11,0.03230126
2013-07-12,-0.0161626365
2013-07-15,0.0097593217
2013-07-16,0.0030737257
2013-07-17,-0.0100681603
2013-07-18,-0.010526562900000001
2013-07-19,-0.0151962344
2013-07-22,0.0060793476999999995
2013-07-23,0.0195105454
2013-07-24,-0.0051602935
2013-07-25,-0.0059778816
2013-07-26,-0.0051079224
2013-07-29,-0.017178805
2013-07-30,0.006961472600000001
2013-07-31,0.0018768240999999998
2013-08-01,0.0176888443
2013-08-02,0.0001729859
2013-08-05,0.0103788377
2013-08-06,0.0048861706
2013-08-07,-0.0066595487
2013-08-08,-0.0009199825
2013-08-09,0.0035894264
2013-08-12,0.0238997971
2013-08-13,0.0023190594
2013-08-14,-0.0028578130000000003
2013-08-15,-0.0086932424
2013-08-16,-0.006449939500000001
2013-08-19,0.0082912245
2013-08-20,-0.0062365686
2013-08-21,0.0001765902
2013-08-22,-0.002815779
2013-08-23,-0.004676062
2013-08-26,0.0189632061
2013-08-27,0.0033832997999999996
2013-08-28,-0.0010772179
2013-08-29,-0.0019387989
2013-08-30,0.0005507272
2013-09-02,3.14528e-05
2013-09-03,0.0117534483
2013-09-04,0.0021223562000000002
2013-09-05,-0.0024384076
2013-09-06,0.008274949
2013-09-09,0.0338893632
2013-09-10,0.0115108772
2013-09-11,0.0014673921000000001
2013-09-12,0.0063968254
2013-09-13,-0.0085954766
2013-09-16,-0.0021536371
2013-09-17,-0.0205435957
2013-09-18,0.0028784385000000003
2013-09-23,0.0133188798
2013-09-24,-0.0060840758
2013-09-25,-0.0040842009
2013-09-26,-0.01942493
2013-09-27,0.0019565741
2013-09-30,0.0067767671
2013-10-08,0.0108218967
2013-10-09,0.006173235500000001
2013-10-10,-0.0094223221
2013-10-11,0.0169868581
2013-10-14,0.0043206325
2013-10-15,-0.0019488125
2013-10-16,-0.0180611549
2013-10-17,-0.0020665057
2013-10-18,0.0023933742
2013-10-21,0.016162514
2013-10-22,-0.0083369332
2013-10-23,-0.012460124900000001
2013-10-24,-0.008604708800000001
2013-10-25,-0.014492760300000001
2013-10-28,0.00042851350000000006
2013-10-29,-0.0023455048000000003
2013-10-30,0.014843127599999999
2013-10-31,-0.008724518799999999
2013-11-01,0.0037112197
2013-11-04,3.34952e-05
2013-11-05,0.0035382766999999997
2013-11-06,-0.0081738703
2013-11-07,-0.0047705022
2013-11-08,-0.0109293698
2013-11-11,0.0015877484999999999
2013-11-12,0.0082015823
2013-11-13,-0.0182581866
2013-11-14,0.0060178904
2013-11-15,0.0168154721
2013-11-18,0.028743901100000004
2013-11-19,-0.0018632644
2013-11-20,0.0061501282
2013-11-21,-0.00038384620000000004
2013-11-22,-0.0042561178
2013-11-25,-0.004672693
2013-11-26,-0.0013915096
2013-11-27,0.0082438837
2013-11-28,0.0083150468
2013-11-29,0.0005100542
2013-12-02,-0.005914422999999999
2013-12-03,0.0069308693
2013-12-04,0.0130887626
2013-12-05,-0.0020868101999999998
2013-12-06,-0.0044302274
2013-12-09,0.0004881302
2013-12-10,-0.0003163256
2013-12-11,-0.0148943549
2013-12-12,-0.0006215503
2013-12-13,-0.0030511223
2013-12-16,-0.0160349715
2013-12-17,-0.0045268992
2013-12-18,-0.001298883
2013-12-19,-0.0095392371
2013-12-20,-0.0202078023
2013-12-23,0.0023565877
2013-12-24,0.0015303581
2013-12-25,0.0064259964
2013-12-26,-0.015787944499999998
2013-12-27,0.0135796699
2013-12-30,-0.0017713256999999998
2013-12-31,0.0087955876
2014-01-02,-0.0031148716999999998
2014-01-03,-0.0124448477
2014-01-06,-0.0179666618
2014-01-07,0.0007860356
2014-01-08,-0.0014540981999999999
2014-01-09,-0.0081777004
2014-01-10,-0.007064433100000001
2014-01-13,-0.0018546683
2014-01-14,0.0085978849
2014-01-15,-0.0017238639999999999
2014-01-16,0.0001744633
2014-01-17,-0.009266191
2014-01-20,-0.0068310965
2014-01-21,0.0085674698
2014-01-22,0.0216281028
2014-01-23,-0.0046638258
2014-01-24,0.0059798842
2014-01-27,-0.010266784499999999
2014-01-28,0.0025638125
2014-01-29,0.0055928022
2014-01-30,-0.0082105883
2014-02-07,0.0056141338
2014-02-10,0.0203326295
2014-02-11,0.0084388469
2014-02-12,0.0029871590999999997
2014-02-13,-0.005475946200000001
2014-02-14,0.0083144261
2014-02-17,0.0092478288
2014-02-18,-0.007656123
2014-02-19,0.0110841286
2014-02-20,-0.0017605156999999998
2014-02-21,-0.0117305083
2014-02-24,-0.017508219000000002
2014-02-25,-0.0204494083
2014-02-26,0.0034583297000000002
2014-02-27,0.0029883591
2014-02-28,0.0043705192
2014-03-03,0.0092073052
2014-03-04,-0.0018128067
2014-03-05,-0.0088772579
2014-03-06,0.0031630464000000002
2014-03-07,-0.0008108457
2014-03-10,-0.028593600900000002
2014-03-11,0.0010464892000000001
2014-03-12,-0.0017314983
2014-03-13,0.010721873
2014-03-14,-0.0073160911
2014-03-17,0.009646072799999999
2014-03-18,0.0007525919
2014-03-19,-0.0017094641999999998
2014-03-20,-0.0139756269
2014-03-21,0.0271585505
2014-03-24,0.009113023500000001
2014-03-25,0.0004994485
2014-03-26,-0.0017612251000000002
2014-03-27,-0.0082774862
2014-03-28,-0.002382502
2014-03-31,-0.0041171331
2014-04-01,0.0069610772
2014-04-02,0.0056303908
2014-04-03,-0.0074240355000000004
2014-04-04,0.0074027427
2014-04-08,0.0191628162
2014-04-09,0.0033136601
2014-04-10,0.0138050965
2014-04-11,-0.0017607647000000002
2014-04-14,0.000467956
2014-04-15,-0.014045250899999999
2014-04-16,0.0016753894
2014-04-17,-0.0029627737
2014-04-18,-0.0005417162
2014-04-21,-0.0152172711
2014-04-22,0.0033908955000000003
2014-04-23,-0.0026287719999999997
2014-04-24,-0.005005848
2014-04-25,-0.0099726159
2014-04-28,-0.0162198339
2014-04-29,0.0084123331
2014-04-30,0.0029782101
2014-05-05,0.0004910287
2014-05-06,0.000337879
2014-05-07,-0.008853384399999999
2014-05-08,0.0025824804
2014-05-09,-0.002053815
2014-05-12,0.0207524607
2014-05-13,-0.0010439039
2014-05-14,-0.0013741461999999998
2014-05-15,-0.0111997109
2014-05-16,0.0007555652999999999
2014-05-19,-0.010521074699999999
2014-05-20,0.0014642055
2014-05-21,0.0083819734
2014-05-22,-0.0018104142
2014-05-23,0.0065720569
2014-05-26,0.0033948222
2014-05-27,-0.0033852957
2014-05-28,0.0076984515
2014-05-29,-0.0046985018
2014-05-30,-0.0006777434999999999
2014-06-03,-0.0004447797
2014-06-04,-0.0066089226
2014-06-05,0.0079236125
2014-06-06,-0.0053516182999999995
2014-06-09,0.0002689713
2014-06-10,0.0108495338
2014-06-11,0.0011770827
2014-06-12,-0.0015742491
2014-06-13,0.0092615293
2014-06-16,0.0073732986
2014-06-17,-0.0092450418
2014-06-18,-0.0054091115
2014-06-19,-0.0154627615
2014-06-20,0.0014522652
2014-06-23,-0.0011393051
2014-06-24,0.0047254324
2014-06-25,-0.0041441917
2014-06-26,0.0065045604000000005
2014-06-27,-0.0010629443
2014-06-30,0.0058025740000000004
2014-07-01,0.0010027696
2014-07-02,0.0044074735
2014-07-03,0.0018505228000000001
2014-07-04,-0.0018679457999999998
2014-07-07,0.00026804250000000003
2014-07-08,0.0019874491
2014-07-09,-0.0123104368
2014-07-10,-0.0001324431
2014-07-11,0.0042284366
2014-07-14,0.0096166952
2014-07-15,0.0017956631000000001
2014-07-16,-0.0014881490999999998
2014-07-17,-0.0056523657
2014-07-18,0.0016909979
2014-07-21,-0.0022281936
2014-07-22,0.010222542999999999
2014-07-23,0.0014493026
2014-07-24,0.012784768200000001
2014-07-25,0.010238178300000001
2014-07-28,0.024138842299999998
2014-07-29,0.002407771
2014-07-30,-0.0008927295
2014-07-31,0.0093153308
2014-08-01,-0.007385211
2014-08-04,0.017401705899999998
2014-08-05,-0.0015229401
2014-08-06,-0.0011171448
2014-08-07,-0.0134369652
2014-08-08,0.0030882186
2014-08-11,0.0137753626
2014-08-12,-0.0013750453000000002
2014-08-13,0.0005770629
2014-08-14,-0.0073827747
2014-08-15,0.0091857296
2014-08-18,0.0057177912
2014-08-19,0.0026184814
2014-08-20,-0.0022798430999999997
2014-08-21,-0.0043536078
2014-08-22,0.0046420959000000005
2014-08-25,-0.005149026300000001
2014-08-26,-0.0099440446
2014-08-27,0.0010688204
2014-08-28,-0.0061766084
2014-08-29,0.0097376012
2014-09-01,0.0082586145
2014-09-02,0.0136590694
2014-09-03,0.0099649345
2014-09-04,0.0079676592
2014-09-05,0.0084833857
2014-09-09,4.0835100000000005e-05
2014-09-10,-0.003534023
2014-09-11,-0.0028581226
2014-09-12,0.0087689511
2014-09-15,0.0030832565
2014-09-16,-0.0182054088
2014-09-17,0.004936959899999999
2014-09-18,0.0034815306000000002
2014-09-19,0.005839128
2014-09-22,-0.0169932744
2014-09-23,0.0086695029
2014-09-24,0.0146584994
2014-09-25,0.0006519953
2014-09-26,0.0011150896
2014-09-29,0.0042564737
2014-09-30,0.0026122795
2014-10-08,0.0080055164
2014-10-09,0.002760205
2014-10-10,-0.0062070729
2014-10-13,-0.0035926957999999998
2014-10-14,-0.0027616125000000003
2014-10-15,0.0060161688999999996
2014-10-16,-0.007233945699999999
2014-10-17,-0.0064990479999999995
2014-10-20,0.0066393756000000005
2014-10-21,-0.007243517299999999
2014-10-22,-0.005600821000000001
2014-10-23,-0.010373716
2014-10-24,-5.9937000000000006e-05
2014-10-27,-0.005144031100000001
2014-10-28,0.0207095851
2014-10-29,0.015038896500000001
2014-10-30,0.0076046236
2014-10-31,0.012171089500000001
2014-11-03,0.0040716013
2014-11-04,0.0002654286
2014-11-05,-0.0046995138
2014-11-06,0.0027322471999999998
2014-11-07,-0.0031712413
2014-11-10,0.0229520576
2014-11-11,-0.0016170286
2014-11-12,0.01004303
2014-11-13,-0.003555857
2014-11-14,-0.0027285097000000003
2014-11-17,-0.0019424534
2014-11-18,-0.0071313403
2014-11-19,-0.0021902274
2014-11-20,0.0006829904000000001
2014-11-21,0.0139159117
2014-11-24,0.0185331216
2014-11-25,0.013706931899999998
2014-11-26,0.0143122149
2014-11-27,0.010037456600000001
2014-11-28,0.0199008852
2014-12-01,-0.0009989433
2014-12-02,0.031113872100000002
2014-12-03,0.005782427999999999
2014-12-04,0.0431480199
2014-12-05,0.0131717812
2014-12-08,0.028121486299999998
2014-12-09,-0.0542963548
2014-12-10,0.0293169166
2014-12-11,-0.0048513506
2014-12-12,0.0042484935000000005
2014-12-15,0.0051896195
2014-12-16,0.0230569905
2014-12-17,0.013073561000000001
2014-12-18,-0.001143083
2014-12-19,0.016704709499999998
2014-12-22,0.0060635090999999995
2014-12-23,-0.030322835399999998
2014-12-24,-0.0198113046
2014-12-25,0.0336426992
2014-12-26,0.0276862501
2014-12-29,0.0032977547
2014-12-30,-0.0006947565999999999
2014-12-31,0.0217517448
2015-01-05,0.0358125402
2015-01-06,0.0002766736
2015-01-07,0.006715907100000001
2015-01-08,-0.0238586537
2015-01-09,-0.0024424191
2015-01-12,-0.0170742665
2015-01-13,0.0018533336
2015-01-14,-0.003976137
2015-01-15,0.0353825381
2015-01-16,0.012000761300000001
2015-01-19,-0.0770455754
2015-01-20,0.018194677
2015-01-21,0.0474492697
2015-01-22,0.0059372170999999994
2015-01-23,0.0025184366000000004
2015-01-26,0.0093735716
2015-01-27,-0.0089330104
2015-01-28,-0.014083675300000001
2015-01-29,-0.0131386698
2015-01-30,-0.0159218712
2015-02-02,-0.0255619069
2015-02-03,0.0244883803
2015-02-04,-0.0096043349
2015-02-05,-0.011844205299999999
2015-02-06,-0.0193283599
2015-02-09,0.0062475881
2015-02-10,0.015013615000000001
2015-02-11,0.00512829
2015-02-12,0.0049757672
2015-02-13,0.0095830487
2015-02-16,0.0057855808
2015-02-17,0.0076164603
2015-02-25,-0.005563142300000001
2015-02-26,0.0215296935
2015-02-27,0.0036211947
2015-03-02,0.007848828300000001
2015-03-03,-0.021950462900000002
2015-03-04,0.0050507929
2015-03-05,-0.0094699459
2015-03-06,-0.0022438214
2015-03-09,0.0188884504
2015-03-10,-0.0049479047
2015-03-11,0.0014704503999999998
2015-03-12,0.0177528943
2015-03-13,0.007042617300000001
2015-03-16,0.0226492783
2015-03-17,0.0155225473
2015-03-18,0.021255281799999998
2015-03-19,0.0013893156000000001
2015-03-20,0.0097834586
2015-03-23,0.0194646973
2015-03-24,0.0009984466999999999
2015-03-25,-0.008312
2015-03-26,0.0058370919
2015-03-27,0.0024445323
2015-03-30,0.025865488199999998
2015-03-31,-0.0102121499
2015-04-01,0.016647994
2015-04-02,0.0040653031
2015-04-03,0.009970505400000001
2015-04-07,0.0252201839
2015-04-08,0.0084397399
2015-04-09,-0.009331355099999999
2015-04-10,0.0193999597
2015-04-13,0.021665414900000003
2015-04-14,0.0033602516999999997
2015-04-15,-0.012429256900000001
2015-04-16,0.027094902900000002
2015-04-17,0.022044553499999998
2015-04-20,-0.016378388600000002
2015-04-21,0.0181514352
2015-04-22,0.024424827200000002
2015-04-23,0.0036407916
2015-04-24,-0.0047167204
2015-04-27,0.030432306699999998
2015-04-28,-0.0113047323
2015-04-29,9.04782e-05
2015-04-30,-0.0078105803
2015-05-04,0.0087375089
2015-05-05,-0.040566780600000005
2015-05-06,-0.016153698299999998
2015-05-07,-0.0276766701
2015-05-08,0.0227865087
2015-05-11,0.030354141600000002
2015-05-12,0.015607174100000001
2015-05-13,-0.0057845338
2015-05-14,0.0005829844
2015-05-15,-0.015901108900000002
2015-05-18,-0.0058486441
2015-05-19,0.0312971359
2015-05-20,0.0065049602
2015-05-21,0.0186973943
2015-05-22,0.028298091900000003
2015-05-25,0.033537043600000004
2015-05-26,0.0201709752
2015-05-27,0.0062752282999999996
2015-05-28,-0.0650478761
2015-05-29,-0.0018444825
2015-06-01,0.0470524817
2015-06-02,0.016937966
2015-06-03,-0.00011180060000000001
2015-06-04,0.00756093
2015-06-05,0.0153613166
2015-06-08,0.0216569622
2015-06-09,-0.0035751024
2015-06-10,-0.0014663245
2015-06-11,0.0030467079000000004
2015-06-12,0.0087389811
2015-06-15,-0.0200058262
2015-06-16,-0.0346753202
2015-06-17,0.0164639222
2015-06-18,-0.0367443714
2015-06-19,-0.0641523222
2015-06-23,0.021911549300000003
2015-06-24,0.0248350691
2015-06-25,-0.0346195346
2015-06-26,-0.0739668406
2015-06-29,-0.0333525453
2015-06-30,0.055314537000000004
2015-07-01,-0.052258733599999996
2015-07-02,-0.0347664875
2015-07-03,-0.0577216869
2015-07-06,0.02413858
2015-07-07,-0.0129206924
2015-07-08,-0.0590086224
2015-07-09,0.057635305600000006
2015-07-10,0.0454187095
2015-07-13,0.0238754755
2015-07-14,-0.0115607599
2015-07-15,-0.030267343699999998
2015-07-16,0.0045910568
2015-07-17,0.0350954593
2015-07-20,0.0087831468
2015-07-21,0.0064039323999999995
2015-07-22,0.0020833442999999997
2015-07-23,0.024311303
2015-07-24,-0.0128555734
2015-07-27,-0.0848336047
2015-07-28,-0.0167909872
2015-07-29,0.0344432207
2015-07-30,-0.022010742200000002
2015-07-31,-0.011344484399999999
2015-08-03,-0.0111418006
2015-08-04,0.0368874691
2015-08-05,-0.0164969677
2015-08-06,-0.008941249
2015-08-07,0.022576653000000002
2015-08-10,0.049198941999999996
2015-08-11,-0.0001290851
2015-08-12,-0.0105879508
2015-08-13,0.0175580764
2015-08-14,0.0027256662
2015-08-17,0.007145121599999999
2015-08-18,-0.0614732668
2015-08-19,0.012258135199999999
2015-08-20,-0.0342158558
2015-08-21,-0.0427222382
2015-08-24,-0.0849089899
2015-08-25,-0.0763068066
2015-08-26,-0.012708200400000001
2015-08-27,0.0533952245
2015-08-28,0.048241900500000004
2015-08-31,-0.008156296200000001
2015-09-01,-0.0122775353
2015-09-02,-0.0020390486
2015-09-07,-0.025235027099999998
2015-09-08,0.029227214799999998
2015-09-09,0.0229105173
2015-09-10,-0.013936004
2015-09-11,0.0007318881
2015-09-14,-0.026696706599999998
2015-09-15,-0.0351951555
2015-09-16,0.048945947299999994
2015-09-17,-0.0210014506
2015-09-18,0.0038418228
2015-09-21,0.0189232624
2015-09-22,0.009212239
2015-09-23,-0.0218891859
2015-09-24,0.008600693999999999
2015-09-25,-0.0160181086
2015-09-28,0.0027192615
2015-09-29,-0.0201947854
2015-09-30,0.0048202569
2015-10-08,0.0296699593
2015-10-09,0.012659808
2015-10-12,0.0328324922
2015-10-13,0.0016935133
2015-10-14,-0.0093490886
2015-10-15,0.023182516
2015-10-16,0.0159608852
2015-10-19,-0.0013715181000000002
2015-10-20,0.011406382799999998
2015-10-21,-0.0305530243
2015-10-22,0.014473769400000001
2015-10-23,0.0129707296
2015-10-26,0.0050248887
2015-10-27,0.0013864958999999998
2015-10-28,-0.0172201846
2015-10-29,0.0035906950999999997
2015-10-30,-0.0014035304000000002
2015-11-02,-0.0169920355
2015-11-03,-0.0025230035
2015-11-04,0.0430983804
2015-11-05,0.018261699899999997
2015-11-06,0.0190795807
2015-11-09,0.0158351496
2015-11-10,-0.0017537726
2015-11-11,0.0026820875
2015-11-12,-0.0047524972
2015-11-13,-0.014330913899999999
2015-11-16,0.0072939893
2015-11-17,-0.0005994803
2015-11-18,-0.0100775492
2015-11-19,0.0136177221
2015-11-20,0.0037150317
2015-11-23,-0.0055584638
2015-11-24,0.0016045671
2015-11-25,0.0087988136
2015-11-26,-0.0033931297999999998
2015-11-27,-0.0548057336
2015-11-30,0.0026487187000000002
2015-12-01,0.003164708
2015-12-02,0.0233186939
2015-12-03,0.0135481724
2015-12-04,-0.0166902768
2015-12-07,0.00338588
2015-12-08,-0.0189026791
2015-12-09,0.0006828681
2015-12-10,-0.0048796531999999995
2015-12-11,-0.006052330999999999
2015-12-14,0.0250647437
2015-12-15,-0.0029296143
2015-12-16,0.0016615703000000001
2015-12-17,0.0181481546
2015-12-18,-0.00028910620000000003
2015-12-21,0.0177447999
2015-12-22,0.0025518384
2015-12-23,-0.0042932641
2015-12-24,-0.0064915903
2015-12-25,0.0042710212
2015-12-28,-0.025947417700000003
2015-12-29,0.008477327
2015-12-30,0.0025647241999999996
2015-12-31,-0.009430498
2016-01-04,-0.0686384594
2016-01-05,-0.0025929402000000002
2016-01-06,0.0225472981
2016-01-07,-0.07044892080000001
2016-01-08,0.019651187400000002
2016-01-11,-0.053259904899999995
2016-01-12,0.0020409691999999998
2016-01-13,-0.024236642000000003
2016-01-14,0.0196813327
2016-01-15,-0.035469298399999995
2016-01-18,0.0044353788
2016-01-19,0.0322264456
2016-01-20,-0.010321805500000001
2016-01-21,-0.0323217637
2016-01-22,0.012525681500000002
2016-01-25,0.007527013
2016-01-26,-0.0642263184
2016-01-27,-0.005173858999999999
2016-01-28,-0.029206838199999998
2016-01-29,0.0308544652
2016-02-01,-0.017806107499999998
2016-02-02,0.0225806236
2016-02-03,-0.0037544052
2016-02-04,0.015250906500000001
2016-02-05,-0.006303795399999999
2016-02-15,-0.006258748
2016-02-16,0.0329091587
2016-02-17,0.0108465468
2016-02-18,-0.0015502184
2016-02-19,-0.001003181
2016-02-22,0.023480247200000002
2016-02-23,-0.0081457378
2016-02-24,0.0088054032
2016-02-25,-0.0640688505
2016-02-26,0.009471973500000001
2016-02-29,-0.0286320879
2016-03-01,0.0168122593
2016-03-02,0.04262852289999999
2016-03-03,0.0035361853
2016-03-04,0.0050315446
2016-03-07,0.008069524599999999
2016-03-08,0.0013967984
2016-03-09,-0.0133835989
2016-03-10,-0.0202022249
2016-03-11,0.0019898557
2016-03-14,0.017504137399999998
2016-03-15,0.0017027458000000001
2016-03-16,0.0021163482
2016-03-17,0.011984963900000001
2016-03-18,0.0173221722
2016-03-21,0.0215393466
2016-03-22,-0.006439309399999999
2016-03-23,0.0035330835
2016-03-24,-0.0162759638
2016-03-25,0.0062357943999999995
2016-03-28,-0.007254398
2016-03-29,-0.0128432427
2016-03-30,0.027677277299999997
2016-03-31,0.0010897657
2016-04-01,0.0018692273
2016-04-05,0.0144657139
2016-04-06,-0.0008100057
2016-04-07,-0.013824202
2016-04-08,-0.0077987781
2016-04-11,0.0164153063
2016-04-12,-0.003398532
2016-04-13,0.014218595700000001
2016-04-14,0.0051274392
2016-04-15,-0.0013771906000000001
2016-04-18,-0.014442920800000002
2016-04-19,0.0030204439999999997
2016-04-20,-0.0230834984
2016-04-21,-0.0066248759
2016-04-22,0.0021500963
2016-04-25,-0.0042477123
2016-04-26,0.0061187714
2016-04-27,-0.0037201066
2016-04-28,-0.0027362560000000003
2016-04-29,-0.0024663998
2016-05-03,0.0184863888
2016-05-04,-0.0004581235
2016-05-05,0.00219639
2016-05-06,-0.028218298399999998
2016-05-09,-0.0278503581
2016-05-10,0.0001687786
2016-05-11,0.0015695877
2016-05-12,-0.0004141645
2016-05-13,-0.0030865395000000003
2016-05-16,0.0084018692
2016-05-17,-0.002517835
2016-05-18,-0.0127194161
2016-05-19,-0.00021656169999999998
2016-05-20,0.0066183192
2016-05-23,0.0064279275000000006
2016-05-24,-0.0077291645
2016-05-25,-0.0023318493
2016-05-26,0.0026133124
2016-05-27,-0.0004949613
2016-05-30,0.0004980422
2016-05-31,0.0333628467
2016-06-01,-0.0010656185
2016-06-02,0.0040229853
2016-06-03,0.0045989562000000005
2016-06-06,-0.001559883
2016-06-07,0.000663577
2016-06-08,-0.0030265204
2016-06-13,-0.0321431121
2016-06-14,0.0032184156000000003
2016-06-15,0.0158402555
2016-06-16,-0.0049850894
2016-06-17,0.0042773348
2016-06-20,0.0012838353999999998
2016-06-21,-0.0035485212
2016-06-22,0.0093769172
2016-06-23,-0.0046772556
2016-06-24,-0.0130271511
2016-06-27,0.014510459
2016-06-28,0.0058203483
2016-06-29,0.0065354944
2016-06-30,-0.0006774476000000001
2016-07-01,0.0009796539
2016-07-04,0.019140139599999998
2016-07-05,0.005951942799999999
2016-07-06,0.0036256084
2016-07-07,-0.0001474832
2016-07-08,-0.0095308115
2016-07-11,0.0022833954000000003
2016-07-12,0.0181854789
2016-07-13,0.0037082936
2016-07-14,-0.0021795746
2016-07-15,9.10276e-05
2016-07-18,-0.0035137393
2016-07-19,-0.0022887641
2016-07-20,-0.0028643897
2016-07-21,0.0036688794
2016-07-22,-0.0086189281
2016-07-25,0.0009997292
2016-07-26,0.011385927799999999
2016-07-27,-0.0190701096
2016-07-28,0.0007767382000000001
2016-07-29,-0.0050041362
2016-08-01,-0.0087113283
2016-08-02,0.0060588105
2016-08-03,0.0024171409
2016-08-04,0.0013312244000000001
2016-08-05,-0.0019212546999999999
2016-08-08,0.0092656422
2016-08-09,0.0071245095
2016-08-10,-0.0022920460000000003
2016-08-11,-0.005335990499999999
2016-08-12,0.0159956012
2016-08-15,0.0244300673
2016-08-16,-0.0048502573
2016-08-17,-0.0001549821
2016-08-18,-0.0017497681
2016-08-19,0.0012847466
2016-08-22,-0.0074955713
2016-08-23,0.0015887552
2016-08-24,-0.0012383055
2016-08-25,-0.0056875186
2016-08-26,0.0006453024000000001
2016-08-29,-9.18474e-05
2016-08-30,0.0015146447
2016-08-31,0.0035171174
2016-09-01,-0.007190427700000001
2016-09-02,0.0013211221000000001
2016-09-05,0.0015462849
2016-09-06,0.0060603595
2016-09-07,0.00039311319999999996
2016-09-08,0.0013021002000000001
2016-09-09,-0.0055230149
2016-09-12,-0.0184737508
2016-09-13,0.0005072838
2016-09-14,-0.0068334485
2016-09-19,0.0077266622
2016-09-20,-0.0010082447
2016-09-21,0.0009507112
2016-09-22,0.0054328105
2016-09-23,-0.002766645
2016-09-26,-0.0176228849
2016-09-27,0.0059528323000000005
2016-09-28,-0.0034400962
2016-09-29,0.0035560592000000004
2016-09-30,0.0020743823
2016-10-10,0.0144573357
2016-10-11,0.0056122695
2016-10-12,-0.0022027567
2016-10-13,0.0009311759999999999
2016-10-14,0.0008045481
2016-10-17,-0.0073904738
2016-10-18,0.0140436267
2016-10-19,0.00027368170000000003
2016-10-20,-8.461059999999999e-05
2016-10-21,0.0021018279
2016-10-24,0.012069463600000002
2016-10-25,0.0011802137
2016-10-26,-0.0049895608
2016-10-27,-0.0012713746
2016-10-28,-0.0025961089999999997
2016-10-31,-0.0012170333
2016-11-01,0.0070775863999999996
2016-11-02,-0.006310137300000001
2016-11-03,0.0084451353
2016-11-04,-0.0011566232
2016-11-07,0.0025648598
2016-11-08,0.0046452133
2016-11-09,-0.0062003477
2016-11-10,0.0137170475
2016-11-11,0.0078081986999999995
2016-11-14,0.0044827293
2016-11-15,-0.0010543953
2016-11-16,-0.0006014993999999999
2016-11-17,0.0010595755
2016-11-18,-0.0048612212999999994
2016-11-21,0.0079214346
2016-11-22,0.0093855224
2016-11-23,-0.0022211263
2016-11-24,0.00018481170000000002
2016-11-25,0.0062318461000000006
2016-11-28,0.004617500399999999
2016-11-29,0.001807751
2016-11-30,-0.0100185079
2016-12-01,0.0071614635000000005
2016-12-02,-0.0090018999
2016-12-05,-0.0120640857
2016-12-06,-0.0015795506
2016-12-07,0.007061716500000001
2016-12-08,-0.0021339179
2016-12-09,0.005447902399999999
2016-12-12,-0.024718803600000002
2016-12-13,0.0006555724
2016-12-14,-0.0045977274
2016-12-15,-0.0072771133
2016-12-16,0.0017015874
2016-12-19,-0.0015681807
2016-12-20,-0.0048775777
2016-12-21,0.0111360561
2016-12-22,0.0006783577999999999
2016-12-23,-0.0093655222
2016-12-26,0.0039916346
2016-12-27,-0.0025315694
2016-12-28,-0.0039902537999999994
2016-12-29,-0.0019788632
2016-12-30,0.0024354859
2017-01-03,0.0104018276
2017-01-04,0.007293934199999999
2017-01-05,0.0020947552
2017-01-06,-0.003503463
2017-01-09,0.005362548700000001
2017-01-10,-0.0030161423999999996
2017-01-11,-0.0078812114
2017-01-12,-0.0055678267
2017-01-13,-0.0020915665999999998
2017-01-16,-0.0029993918000000004
2017-01-17,0.0017228045999999999
2017-01-18,0.0013631416
2017-01-19,-0.0037626257
2017-01-20,0.0070421132
2017-01-23,0.0043660882
2017-01-24,0.0018421788
2017-01-25,0.0022279336
2017-01-26,0.0030516377
2017-02-03,-0.0060129794
2017-02-06,0.005354423499999999
2017-02-07,-0.0012340893
2017-02-08,0.0044064742
2017-02-09,0.0051145226
2017-02-10,0.0042472001
2017-02-13,0.006300374199999999
2017-02-14,0.00033840670000000005
2017-02-15,-0.0015358641
2017-02-16,0.005176711499999999
2017-02-17,-0.0085281902
2017-02-20,0.011831607
2017-02-21,0.0041248641
2017-02-22,0.0024260404999999997
2017-02-23,-0.0030183198
2017-02-24,0.0006328707
2017-02-27,-0.0076142653999999995
2017-02-28,0.004049016999999999
2017-03-01,0.0016042036000000002
2017-03-02,-0.0052065741
2017-03-03,-0.0036273059000000002
2017-03-06,0.0048329376
2017-03-07,0.0026409878
2017-03-08,-0.0005371627999999999
2017-03-09,-0.0073808625999999995
2017-03-10,-0.0012390162
2017-03-13,0.0075524780000000005
2017-03-14,0.0007115794000000001
2017-03-15,0.0007507422
2017-03-16,0.008383008800000001
2017-03-17,-0.0096325856
2017-03-20,0.0041270481
2017-03-21,0.0033230506
2017-03-22,-0.005025431
2017-03-23,0.0010260322
2017-03-24,0.006432286200000001
2017-03-27,-0.0007615665
2017-03-28,-0.0042875703
2017-03-29,-0.0035762946
2017-03-30,-0.009587931400000001
2017-03-31,0.0038244218
2017-04-05,0.0148304079
2017-04-06,0.0032716516
2017-04-07,0.0017102382999999999
2017-04-10,-0.0052404662
2017-04-11,0.0059867695
2017-04-12,-0.0046019331
2017-04-13,0.0006506752
2017-04-14,-0.0091251106
2017-04-17,-0.0073626026
2017-04-18,-0.0078996519
2017-04-19,-0.0081416748
2017-04-20,0.00044583400000000004
2017-04-21,0.0003312947
2017-04-24,-0.0137465873
2017-04-25,0.0016092506
2017-04-26,0.0020033704999999997
2017-04-27,0.0036104273
2017-04-28,0.0007840588
2017-05-02,-0.0034698844
2017-05-03,-0.002661217
2017-05-04,-0.0025443125
2017-05-05,-0.0077799909
2017-05-08,-0.007871286600000001
2017-05-09,0.0006217086
2017-05-10,-0.0090055698
2017-05-11,0.0028548686
2017-05-12,0.007190232800000001
2017-05-15,0.0021779378
2017-05-16,0.0073571573
2017-05-17,-0.0027378085
2017-05-18,-0.0046071089
2017-05-19,0.0001591838
2017-05-22,-0.0048389149
2017-05-23,-0.0044636047
2017-05-24,0.0006952766000000001
2017-05-25,0.014280063999999999
2017-05-26,0.00071677
2017-05-31,0.0022890565
2017-06-01,-0.0046691594
2017-06-02,0.0009401076999999999
2017-06-05,-0.0044706879
2017-06-06,0.0033865021
2017-06-07,0.0123137809
2017-06-08,0.0031871543000000003
2017-06-09,0.0025606177
2017-06-12,-0.005864930900000001
2017-06-13,0.0044161927
2017-06-14,-0.007314768699999999
2017-06-15,0.0005788849
2017-06-16,-0.0029753043000000003
2017-06-19,0.0067904487
2017-06-20,-0.0013866990000000001
2017-06-21,0.0051586401
2017-06-22,-0.0027750355999999997
2017-06-23,0.0033105496
2017-06-26,0.0087308451
2017-06-27,0.0018060277
2017-06-28,-0.0056391068
2017-06-29,0.0046833145
2017-06-30,0.0013689819
2017-07-03,0.001091552
2017-07-04,-0.0041013963
2017-07-05,0.0076442975
2017-07-06,0.0016556214
2017-07-07,0.0017160455
2017-07-10,-0.0016547145999999998
2017-07-11,-0.002986461
2017-07-12,-0.0017151220000000001
2017-07-13,0.0064484807
2017-07-14,0.0013217478
2017-07-17,-0.0142601044
2017-07-18,0.0034952064
2017-07-19,0.0136182227
2017-07-20,0.0042985461
2017-07-21,-0.0021211978000000003
2017-07-24,0.0038966249
2017-07-25,-0.0021256083
2017-07-26,0.0012286626000000001
2017-07-27,0.0006486487000000001
2017-07-28,0.0010643793
2017-07-31,0.0060825201
2017-08-01,0.0059913934
2017-08-02,-0.0023025608
2017-08-03,-0.0036919301
2017-08-04,-0.0033143710999999996
2017-08-07,0.0053265693
2017-08-08,0.0007367684
2017-08-09,-0.0019195746999999999
2017-08-10,-0.0042202082000000005
2017-08-11,-0.0163127492
2017-08-14,0.0089819321
2017-08-15,0.0042940850000000004
2017-08-16,-0.0014795795000000001
2017-08-17,0.0067700386
2017-08-18,9.01044e-05
2017-08-21,0.0055621699
2017-08-22,0.0010101294
2017-08-23,-0.0007661479999999999
2017-08-24,-0.0049253812000000004
2017-08-25,0.018343324299999998
2017-08-28,0.0093438672
2017-08-29,0.0007656756
2017-08-30,-0.0004753024
2017-08-31,-0.0008372808
2017-09-01,0.0018772556000000002
2017-09-04,0.0037015616
2017-09-05,0.0014007644999999998
2017-09-06,0.0003166961
2017-09-07,-0.0058756619
2017-09-08,-7.57095e-05
2017-09-11,0.0033210680999999995
2017-09-12,0.0009090105
2017-09-13,0.0013786112000000001
2017-09-14,-0.0037591156999999997
2017-09-15,-0.005281564
2017-09-18,0.0027550832
2017-09-19,-0.0017883890999999999
2017-09-20,0.0027261613
2017-09-21,-0.0024312567
2017-09-22,-0.0015733161000000002
2017-09-25,-0.0032753479000000004
2017-09-26,0.0006086699
2017-09-27,0.0005051767
2017-09-28,-0.0016828528000000001
2017-09-29,0.002785029
2017-10-09,0.0075949335
2017-10-10,0.002551522
2017-10-11,0.0015654504999999999
2017-10-12,-0.0006445151
2017-10-13,0.0013063111
2017-10-16,-0.0035548790000000004
2017-10-17,-0.0019031393999999998
2017-10-18,0.0028923138
2017-10-19,-0.0034365195
2017-10-20,0.0025150051000000003
2017-10-23,0.0006070178999999999
2017-10-24,0.0022328814
2017-10-25,0.002552883
2017-10-26,0.0031409838000000002
2017-10-27,0.0027131674
2017-10-30,-0.0077485378
2017-10-31,0.0008862246
2017-11-01,0.0007576013
2017-11-02,-0.0037112264
2017-11-03,-0.0034183689
2017-11-06,0.0048728787
2017-11-07,0.00749684
2017-11-08,0.0005523241999999999
2017-11-09,0.0036113435
2017-11-10,0.0014232183
2017-11-13,0.0044171698
2017-11-14,-0.0053040809
2017-11-15,-0.0078796676
2017-11-16,-0.0009622855
2017-11-17,-0.004807766
2017-11-20,0.0028056635
2017-11-21,0.0053351334
2017-11-22,0.0058544534
2017-11-23,-0.0228966382
2017-11-24,0.0005675855
2017-11-27,-0.0094193765
2017-11-28,0.0034396176
2017-11-29,0.0012613775
2017-11-30,-0.0061936653
2017-12-01,0.0001293264
2017-12-04,-0.0024110978
2017-12-05,-0.0017957358000000002
2017-12-06,-0.0029392418
2017-12-07,-0.0066517408
2017-12-08,0.005482244200000001
2017-12-11,0.0097882293
2017-12-12,-0.012456220200000001
2017-12-13,0.0067738381
2017-12-14,-0.0032088042
2017-12-15,-0.0079884256
2017-12-18,0.000546609
2017-12-19,0.0087566339
2017-12-20,-0.0027097211999999996
2017-12-21,0.0037880455
2017-12-22,-0.0009079534
2017-12-25,-0.0050353906
2017-12-26,0.0078231688
2017-12-27,-0.0091774521
2017-12-28,0.0062891532000000005
2017-12-29,0.0032724943
2018-01-02,0.012443803600000001
2018-01-03,0.0062068331
2018-01-04,0.0049276539000000005
2018-01-05,0.0017839389
2018-01-08,0.0052272129
2018-01-09,0.0012964149
2018-01-10,0.0023242336
2018-01-11,0.0010259409999999998
2018-01-12,0.0010497629
2018-01-15,-0.0053813996
2018-01-16,0.0076545638999999995
2018-01-17,0.0023503795
2018-01-18,0.0087331119
2018-01-19,0.003772929
2018-01-22,0.0038700477
2018-01-23,0.0128928678
2018-01-24,0.0036544431
2018-01-25,-0.0031348248
2018-01-26,0.0027680242999999997
2018-01-29,-0.0098726331
2018-01-30,-0.0099323568
2018-01-31,-0.0020572195
2018-02-01,-0.0097256881
2018-02-02,0.0043809075
2018-02-05,0.0073413076
2018-02-06,-0.0335039715
2018-02-07,-0.018213746200000002
2018-02-08,-0.014265848800000001
2018-02-09,-0.0405265351
2018-02-12,0.007755833
2018-02-13,0.0097755467
2018-02-14,0.0044585194
2018-02-22,0.0216932019
2018-02-23,0.0062612303
2018-02-26,0.0123287634
2018-02-27,-0.0112644451
2018-02-28,-0.0099207857
2018-03-01,0.0044016889
2018-03-02,-0.0058729504
2018-03-05,0.0007368195
2018-03-06,0.010044931
2018-03-07,-0.005463694999999999
2018-03-08,0.0051157998
2018-03-09,0.0057049229
2018-03-12,0.0059064475
2018-03-13,-0.0049479376000000005
2018-03-14,-0.0056965677
2018-03-15,-8.200199999999999e-05
2018-03-16,-0.0064506769
2018-03-19,0.0028654244000000002
2018-03-20,0.0034728045
2018-03-21,-0.0029440474
2018-03-22,-0.0053252225
2018-03-23,-0.0339268173
2018-03-26,-0.0060388343
2018-03-27,0.010507314299999999
2018-03-28,-0.014008278999999998
2018-03-29,0.0122477752
2018-03-30,0.0026470239
2018-04-02,-0.0018042873
2018-04-03,-0.008392127000000001
2018-04-04,-0.0017604226
2018-04-09,0.0022938181
2018-04-10,0.0165784361
2018-04-11,0.0055668996
2018-04-12,-0.008704111
2018-04-13,-0.0066368393999999995
2018-04-16,-0.015322064500000001
2018-04-17,-0.0140974444
2018-04-18,0.0080220512
2018-04-19,0.0084030895
2018-04-20,-0.0147025896
2018-04-23,-0.0011494225
2018-04-24,0.0198549093
2018-04-25,-0.0035006249000000002
2018-04-26,-0.0137729825
2018-04-27,0.0023419282999999997
2018-05-02,-0.00034205739999999997
2018-05-03,0.0063875909
2018-05-04,-0.0031685418
2018-05-07,0.014756035999999998
2018-05-08,0.007923370899999999
2018-05-09,-0.0007424962
2018-05-10,0.0048312043
2018-05-11,-0.0035123031999999997
2018-05-14,0.0034043326
2018-05-15,0.0056982097
2018-05-16,-0.0070652457
2018-05-17,-0.0048217024
2018-05-18,0.0123707689
2018-05-21,0.0064312711
2018-05-22,0.0001584708
2018-05-23,-0.0141196523
2018-05-24,-0.0045168071
2018-05-25,-0.0042310232
2018-05-28,-0.0019804200999999997
2018-05-29,-0.0046638651
2018-05-30,-0.0253222561
2018-05-31,0.0177646903
2018-06-01,-0.0065697538
2018-06-04,0.0052204825
2018-06-05,0.007445221199999999
2018-06-06,0.0003130172
2018-06-07,-0.0018238109999999998
2018-06-08,-0.013619879800000002
2018-06-11,-0.0046834065
2018-06-12,0.0088505141
2018-06-13,-0.0097426075
2018-06-14,-0.0018482545
2018-06-15,-0.0073120014
2018-06-19,-0.0377506436
2018-06-20,0.0027200082
2018-06-21,-0.013691761899999998
2018-06-22,0.0048509465
2018-06-25,-0.0105281743
2018-06-26,-0.0051859236
2018-06-27,-0.0110144176
2018-06-28,-0.0093420696
2018-06-29,0.0217164498
2018-07-02,-0.0252372843
2018-07-03,0.0040823518
2018-07-04,-0.0099615779
2018-07-05,-0.0091493103
2018-07-06,0.0048819227
2018-07-09,0.0247089021
2018-07-10,0.0044459017
2018-07-11,-0.0176310849
2018-07-12,0.0215595518
2018-07-13,-0.0022817755
2018-07-16,-0.006054676
2018-07-17,-0.0056558861
2018-07-18,-0.0038843499
2018-07-19,-0.005278164199999999
2018-07-20,0.0204598273
2018-07-23,0.010699292499999999
2018-07-24,0.0160932742
2018-07-25,-0.0006591152
2018-07-26,-0.0073773782
2018-07-27,-0.0029947692999999997
2018-07-30,-0.0015813996
2018-07-31,0.0025623119999999997
2018-08-01,-0.0180319788
2018-08-02,-0.0200067714
2018-08-03,-0.0099641481
2018-08-06,-0.0128761668
2018-08-07,0.027435566100000003
2018-08-08,-0.012702284800000001
2018-08-09,0.0183348848
2018-08-10,0.00033213069999999995
2018-08-13,-0.0033763341000000004
2018-08-14,-0.001761531
2018-08-15,-0.020750713599999998
2018-08-16,-0.006633929899999999
2018-08-17,-0.0133911767
2018-08-20,0.0110528946
2018-08-21,0.0131039645
2018-08-22,-0.0070297807
2018-08-23,0.0036897405999999997
2018-08-24,0.0017640597
2018-08-27,0.0188567521
2018-08-28,-0.0010493729000000001
2018-08-29,-0.0031267675
2018-08-30,-0.0113956814
2018-08-31,-0.0045609938
2018-09-03,-0.0016569122999999999
2018-09-04,0.0109698323
2018-09-05,-0.016812306200000002
2018-09-06,-0.0047123938
2018-09-07,0.0039782391
2018-09-10,-0.0121438003
2018-09-11,-0.0017549456
2018-09-12,-0.003260883
2018-09-13,0.011471023
2018-09-14,-0.0018370207
2018-09-17,-0.0111329133
2018-09-18,0.0181618927
2018-09-19,0.01144473
2018-09-20,-0.0005882783
2018-09-21,0.025003629200000002
2018-09-25,-0.0058432132
2018-09-26,0.0092317589
2018-09-27,-0.0053578555000000005
2018-09-28,0.010593726999999999
2018-10-08,-0.0371594082
2018-10-09,0.0016574941
2018-10-10,0.0017727589
2018-10-11,-0.0522332097
2018-10-12,0.0090789185
2018-10-15,-0.014888915499999999
2018-10-16,-0.0084766222
2018-10-17,0.0060025222
2018-10-18,-0.029354695899999998
2018-10-19,0.025758575000000002
2018-10-22,0.0409380218
2018-10-23,-0.0226190208
2018-10-24,0.0032640345
2018-10-25,0.0001937544
2018-10-26,-0.001902105
2018-10-29,-0.0218341073
2018-10-30,0.0102060369
2018-10-31,0.0135258759
2018-11-01,0.001327041
2018-11-02,0.0269503482
2018-11-05,-0.0041269188000000005
2018-11-06,-0.0022788813
2018-11-07,-0.006773969800000001
2018-11-08,-0.0021617042
2018-11-09,-0.013947583400000001
2018-11-12,0.012177593200000001
2018-11-13,0.0092605282
2018-11-14,-0.008526564
2018-11-15,0.0136491604
2018-11-16,0.0040999256
2018-11-19,0.0091082123
2018-11-20,-0.0213267441
2018-11-21,0.0021357183
2018-11-22,-0.0022897937
2018-11-23,-0.0249300502
2018-11-26,-0.0014239287
2018-11-27,-0.0004390463
2018-11-28,0.0105089986
2018-11-29,-0.0131808506
2018-11-30,0.0080796718
2018-12-03,0.0257363502
2018-12-04,0.0042035967
2018-12-05,-0.0060588358
2018-12-06,-0.0168404084
2018-12-07,0.0002711136
2018-12-10,-0.008175870699999999
2018-12-11,0.0036779252
2018-12-12,0.0031087996
2018-12-13,0.012257736200000001
2018-12-14,-0.0153028279
2018-12-17,0.0016320059
2018-12-18,-0.008208012300000001
2018-12-19,-0.0105121399
2018-12-20,-0.005214971299999999
2018-12-21,-0.0078922669
2018-12-24,0.0042748127
2018-12-25,-0.0087803869
2018-12-26,-0.0026050186
2018-12-27,-0.0060871541
2018-12-28,0.0043533725
2019-01-02,-0.0114700844
2019-01-03,-0.0003765073
2019-01-04,0.0204943038
2019-01-07,0.0072451113
2019-01-08,-0.0026159763000000004
2019-01-09,0.0070781585
2019-01-10,-0.0036340985
2019-01-11,0.0073893776
2019-01-14,-0.0070740773
2019-01-15,0.013636751
2019-01-16,3.0034900000000003e-05
2019-01-17,-0.0041958478
2019-01-18,0.0142084991
2019-01-21,0.005586967900000001
2019-01-22,-0.0118004938
2019-01-23,0.0005039338
2019-01-24,0.0041415665
2019-01-25,0.0038700178
2019-01-28,-0.0018244445
2019-01-29,-0.0010485654
2019-01-30,-0.0071997586999999995
2019-01-31,0.0034931221
2019-02-01,0.0130233922
2019-02-11,0.0136212894
2019-02-12,0.006781614700000001
2019-02-13,0.0184043998
2019-02-14,-0.0005028907
2019-02-15,-0.013720227
2019-02-18,0.0268311969
2019-02-19,0.0004680948
2019-02-20,0.0020223934
2019-02-21,-0.0034107039
2019-02-22,0.0190511582
2019-02-25,0.05600732210000001
2019-02-26,-0.0066751801
2019-02-27,0.0041842025
2019-02-28,-0.0043571991
2019-03-01,0.0180387737
2019-03-04,0.011212573100000001
2019-03-05,0.0088093922
2019-03-06,0.015667529899999998
2019-03-07,0.0013922186
2019-03-08,-0.043959475
2019-03-11,0.0192369583
2019-03-12,0.0110059077
2019-03-13,-0.010899559000000001
2019-03-14,-0.011981131
2019-03-15,0.010387653699999999
2019-03-18,0.024709645199999998
2019-03-19,-0.0017577087
2019-03-20,-0.000108283
2019-03-21,0.0034991778000000003
2019-03-22,0.0008685278000000001
2019-03-25,-0.019688940800000002
2019-03-26,-0.015095441199999999
2019-03-27,0.008549677799999999
2019-03-28,-0.009189142099999999
2019-03-29,0.0319921238
2019-04-01,0.0257551707
2019-04-02,0.0020381591
2019-04-03,0.0124251504
2019-04-04,0.0094133772
2019-04-08,-0.0005424492
2019-04-09,-0.0015860403
2019-04-10,0.0006994553000000001
2019-04-11,-0.016029958
2019-04-12,-0.00041890780000000005
2019-04-15,-0.0033992702000000003
2019-04-16,0.0238566051
2019-04-17,0.0029260224
2019-04-18,-0.0039583921
2019-04-19,0.0063368692
2019-04-22,-0.017046210699999998
2019-04-23,-0.005116199700000001
2019-04-24,0.0009441336
2019-04-25,-0.0242963728
2019-04-26,-0.011981204700000001
2019-04-29,-0.0077437819
2019-04-30,0.005172378
2019-05-06,-0.0558336511
2019-05-07,0.0068560285
2019-05-08,-0.011151654799999999
2019-05-09,-0.0147914992
2019-05-10,0.0309569742
2019-05-13,-0.0120772224
2019-05-14,-0.0069229980000000005
2019-05-15,0.0190966832
2019-05-16,0.0057961094999999995
2019-05-17,-0.0248382876
2019-05-20,-0.0040563492
2019-05-21,0.012319425699999999
2019-05-22,-0.0049085868
2019-05-23,-0.0135523179
2019-05-24,0.0001680973
2019-05-27,0.0138042313
2019-05-28,0.0060615863
2019-05-29,0.0016446553
2019-05-30,-0.0030504035000000003
2019-05-31,-0.002446585
2019-06-03,-0.0029720949
2019-06-04,-0.0096193155
2019-06-05,-0.00030122840000000004
2019-06-06,-0.0117495238
2019-06-10,0.0086047171
2019-06-11,0.025800364899999997
2019-06-12,-0.0055837952
2019-06-13,0.0004677973
2019-06-14,-0.009882811299999999
2019-06-17,0.0019596983000000003
2019-06-18,0.0008781965999999999
2019-06-19,0.0095651864
2019-06-20,0.023756128300000002
2019-06-21,0.0049752293
2019-06-24,0.0020545438999999997
2019-06-25,-0.0086678251
2019-06-26,-0.0019416353999999999
2019-06-27,0.0068907746
2019-06-28,-0.005977791099999999
2019-07-01,0.022164180999999998
2019-07-02,-0.00031528100000000005
2019-07-03,-0.0094218262
2019-07-04,-0.0033212688000000003
2019-07-05,0.0019332842
2019-07-08,-0.025803348599999998
2019-07-09,-0.0017501752000000001
2019-07-10,-0.0044147154
2019-07-11,0.0008433773999999999
2019-07-12,0.0043818875
2019-07-15,0.0039716487
2019-07-16,-0.0015527574
2019-07-17,-0.0020166687
2019-07-18,-0.010409004
2019-07-19,0.0079360905
2019-07-22,-0.012730522
2019-07-23,0.0044928011
2019-07-24,0.0080459813
2019-07-25,0.004817401
2019-07-26,0.0024446781
2019-07-29,-0.0012001871
2019-07-30,0.0038528639999999997
2019-07-31,-0.0067175567
2019-08-01,-0.0080953975
2019-08-02,-0.014070708999999999
2019-08-05,-0.0161591786
2019-08-06,-0.0155732295
2019-08-07,-0.0031957593
2019-08-08,0.0093448158
2019-08-09,-0.0070848916
2019-08-12,0.0145026232
2019-08-13,-0.0063001191
2019-08-14,0.004166577899999999
2019-08-15,0.0024504127
2019-08-16,0.0028504179000000004
2019-08-19,0.020990049
2019-08-20,-0.0010734294
2019-08-21,0.0001144097
2019-08-22,0.0010780359
2019-08-23,0.0048516773
2019-08-26,-0.0116855472
2019-08-27,0.013488734799999999
2019-08-28,-0.0029070428999999997
2019-08-29,-0.0009804556999999999
2019-08-30,-0.0016197961999999998
2019-09-02,0.0131208236
2019-09-03,0.0020681532999999998
2019-09-04,0.009302515099999999
2019-09-05,0.0096209807
2019-09-06,0.0046005097
2019-09-09,0.0083802804
2019-09-10,-0.0011691588
2019-09-11,-0.0041012148
2019-09-12,0.0074525432
2019-09-16,-0.00015858219999999998
2019-09-17,-0.0173674911
2019-09-18,0.0025320691
2019-09-19,0.004561908
2019-09-20,0.0023898411
2019-09-23,-0.0097690074
2019-09-24,0.0027758438000000003
2019-09-25,-0.010018320899999999
2019-09-26,-0.0089140929
2019-09-27,0.0010513513
2019-09-30,-0.0092006356
2019-10-08,0.0028849068
2019-10-09,0.0038736664999999997
2019-10-10,0.0078137164
2019-10-11,0.0088018139
2019-10-14,0.0115102763
2019-10-15,-0.0055977901
2019-10-16,-0.004123473999999999
2019-10-17,-0.0004626831
2019-10-18,-0.0131637557
2019-10-21,0.0005025626
2019-10-22,0.0050217411
2019-10-23,-0.004319383600000001
2019-10-24,-0.00023704639999999998
2019-10-25,0.004764221
2019-10-28,0.0085000582
2019-10-29,-0.008682338099999999
2019-10-30,-0.0050285088
2019-10-31,-0.0034922352000000003
2019-11-01,0.0099496558
2019-11-04,0.0058456848
2019-11-05,0.005400888499999999
2019-11-06,-0.0043344243
2019-11-07,3.99181e-05
2019-11-08,-0.0048777755
2019-11-11,-0.018288434
2019-11-12,0.0016662001
2019-11-13,-0.0032874377999999997
2019-11-14,0.0015932586000000002
2019-11-15,-0.0063668143
2019-11-18,0.0061760571
2019-11-19,0.0085214486
2019-11-20,-0.0078178159
2019-11-21,-0.0025473596999999997
2019-11-22,-0.0063194863
2019-11-25,0.0072368502000000005
2019-11-26,0.0003067268
2019-11-27,-0.0013296938
2019-11-28,-0.0046504976
2019-11-29,-0.0061294046
2019-12-02,0.0013321466000000002
2019-12-03,0.0030918623
2019-12-04,-0.0022820753
2019-12-05,0.0074190207
2019-12-06,0.0043266895
2019-12-09,0.0008461156
2019-12-10,0.0009738281
2019-12-11,0.0024342926
2019-12-12,-0.0029814486
2019-12-13,0.0178269816
2019-12-16,0.0056327233
2019-12-17,0.0127427609
2019-12-18,-0.0017792023000000002
2019-12-19,7.093e-06
2019-12-20,-0.0040198659
2019-12-23,-0.0140389937
2019-12-24,0.006726619299999999
2019-12-25,-0.0002682486
2019-12-26,0.008542964699999999
2019-12-27,-0.0007711429
2019-12-30,0.0116432568
2019-12-31,0.0033223752
2020-01-02,0.011499073500000002
2020-01-03,-0.0004576044
2020-01-06,-0.0001224145
2020-01-07,0.0069381664
2020-01-08,-0.012209798300000001
2020-01-09,0.0091263062
2020-01-10,-0.0008372533
2020-01-13,0.0075280439
2020-01-14,-0.0028082184
2020-01-15,-0.005401825
2020-01-16,-0.0051638525
2020-01-17,0.00046000729999999996
2020-01-20,0.0065978962
2020-01-21,-0.01409832
2020-01-22,0.0028218216
2020-01-23,-0.0275181822
2020-02-03,-0.0772451972
2020-02-04,0.0133553576
2020-02-05,0.012503307699999999
2020-02-06,0.0171825377
2020-02-07,0.0032980527
2020-02-10,0.005050203
2020-02-11,0.0038701426
2020-02-12,0.0086931532
2020-02-13,-0.0071152436
2020-02-14,0.0037625339
2020-02-17,0.022836655499999997
2020-02-18,0.000452202
2020-02-19,-0.0032059602
2020-02-20,0.0184016485
2020-02-21,0.0031401042
2020-02-24,-0.0027752691
2020-02-25,-0.0059986145
2020-02-26,-0.0083375315
2020-02-27,0.0011379455
2020-02-28,-0.0371156123
2020-03-02,0.0314645282
2020-03-03,0.0073935068000000005
2020-03-04,0.006271148399999999
2020-03-05,0.0199263152
2020-03-06,-0.012099514
2020-03-09,-0.0300610513
2020-03-10,0.0181671148
2020-03-11,-0.0094249733
2020-03-12,-0.0151697949
2020-03-13,-0.0123342834
2020-03-16,-0.0340001036
2020-03-17,-0.0034464416
2020-03-18,-0.018306107000000002
2020-03-19,-0.0097578153
2020-03-20,0.016094194699999998
2020-03-23,-0.031122608399999998
2020-03-24,0.0234085644
2020-03-25,0.0217280239
2020-03-26,-0.005996711300000001
2020-03-27,0.0026374809999999997
2020-03-30,-0.00901431
2020-03-31,0.0011220095
2020-04-01,-0.0057356368
2020-04-02,0.0168645227
2020-04-03,-0.0059880145
2020-04-07,0.020541338200000002
2020-04-08,-0.0019125319
2020-04-09,0.0037419612000000003
2020-04-10,-0.0103585982
2020-04-13,-0.0048571295
2020-04-14,0.0158945898
2020-04-15,-0.0056976610000000006
2020-04-16,0.0031164558999999996
2020-04-17,0.0065815347
2020-04-20,0.0049527311
2020-04-21,-0.008953208499999999
2020-04-22,0.0060017758
2020-04-23,-0.0019272285
2020-04-24,-0.010558431
2020-04-27,0.0024800881
2020-04-28,-0.0019429622999999998
2020-04-29,0.0044192145
2020-04-30,0.0133358966
2020-05-06,0.0063138045
2020-05-07,-0.0022990541
2020-05-08,0.0082956669
2020-05-11,-0.0001873352
2020-05-12,-0.001121182
2020-05-13,0.0022455381
2020-05-14,-0.0095606718
2020-05-15,-0.0006561935000000001
2020-05-18,0.0024260067
2020-05-19,0.0080539258
2020-05-20,-0.0051191344
2020-05-21,-0.005483889699999999
2020-05-22,-0.0188841495
2020-05-25,0.00149419
2020-05-26,0.010141202
2020-05-27,-0.003422989
2020-05-28,0.003319969
2020-05-29,0.0021535568
2020-06-01,0.022115053699999998
2020-06-02,0.0020466613
2020-06-03,0.0006753958
2020-06-04,-0.0014095029
2020-06-05,0.0039560495
2020-06-08,0.0023788391000000002
2020-06-09,0.006242964100000001
2020-06-10,-0.0041808638
2020-06-11,-0.0077641378
2020-06-12,-0.00039576890000000005
2020-06-15,-0.010175629299999999
2020-06-16,0.014435383500000001
2020-06-17,0.0014065664
2020-06-18,0.0011724281000000001
2020-06-19,0.0096345574
2020-06-22,-0.0007960549999999999
2020-06-23,0.001803747
2020-06-24,0.0030061735
2020-06-29,-0.0060526244
2020-06-30,0.0078195414
2020-07-01,0.0138396685
2020-07-02,0.0213445821
2020-07-03,0.0201397522
2020-07-06,0.0571134802
2020-07-07,0.0037373675
2020-07-08,0.0173684151
2020-07-09,0.013854629
2020-07-10,-0.0194955737
2020-07-13,0.0177234376
2020-07-14,-0.00832568
2020-07-15,-0.0156135154
2020-07-16,-0.044984262700000006
2020-07-17,0.0012554443000000002
2020-07-20,0.0311189468
2020-07-21,0.0020354245000000003
2020-07-22,0.0036944261000000003
2020-07-23,-0.0024161131
2020-07-24,-0.0385977584
2020-07-27,0.0026459221
2020-07-28,0.007092665000000001
2020-07-29,0.020629652100000003
2020-07-30,-0.002346328
2020-07-31,0.0070537741
2020-08-03,0.0175103282
2020-08-04,0.001105029
2020-08-05,0.0017431331
2020-08-06,0.0026345312
2020-08-07,-0.0095757429
2020-08-10,0.007518466099999999
2020-08-11,-0.0115298875
2020-08-12,-0.006294184
2020-08-13,0.00044000699999999996
2020-08-14,0.0118566539
2020-08-17,0.0234225851
2020-08-18,0.0035734548
2020-08-19,-0.012448417
2020-08-20,-0.0129777959
2020-08-21,0.004989359400000001
2020-08-24,0.001465917
2020-08-25,-0.0035621642999999997
2020-08-26,-0.012994897
2020-08-27,0.0061187983000000005
2020-08-28,0.0160274603
2020-08-31,-0.0023882379
2020-09-01,0.00439656
2020-09-02,-0.0017020725
2020-09-03,-0.0058215138
2020-09-04,-0.0087486469
2020-09-07,-0.0187091032
2020-09-08,0.0072363382
2020-09-09,-0.0186312819
2020-09-10,-0.006085027400000001
2020-09-11,0.0078899825
2020-09-14,0.0056643373
2020-09-15,0.005143841999999999
2020-09-16,-0.0035668213
2020-09-17,-0.0041077072
2020-09-18,0.020686758799999996
2020-09-21,-0.006337337199999999
2020-09-22,-0.012853311499999999
2020-09-23,0.0016519554
2020-09-24,-0.017237527500000002
2020-09-25,-0.0011660856999999999
2020-09-28,-0.0005849815
2020-09-29,0.0021210961
2020-09-30,-0.0019561095
2020-10-09,0.0167878264
2020-10-12,0.0264018913
2020-10-13,0.0003825259
2020-10-14,-0.0056467596
2020-10-15,-0.0025727539
2020-10-16,0.0012529323
2020-10-19,-0.0071008862
2020-10-20,0.0046596291
2020-10-21,-0.0009249113
2020-10-22,-0.0037666487
2020-10-23,-0.010416089
2020-10-26,-0.008199640900000001
2020-10-27,0.000983323
2020-10-28,0.004585388
2020-10-29,0.0010673435
2020-10-30,-0.0147262189
2020-11-02,0.0001820729
2020-11-03,0.014249022
2020-11-04,0.0019460884
2020-11-05,0.0130263551
2020-11-06,-0.0024018012
2020-11-09,0.0185905024
2020-11-10,-0.0040267553000000005
2020-11-11,-0.0053408354000000005
2020-11-12,-0.0010543047999999999
2020-11-13,-0.0085585352
2020-11-16,0.011136989399999998
2020-11-17,-0.0021136137
2020-11-18,0.0022181536
2020-11-19,0.0047154973
2020-11-20,0.004352875
2020-11-23,0.010884006699999999
2020-11-24,-0.0034170257999999996
2020-11-25,-0.011900444400000001
2020-11-26,0.0022026409
2020-11-27,0.0114471074
2020-11-30,-0.0048563699
2020-12-01,0.0177439993
2020-12-02,-0.000741004
2020-12-03,-0.0021002612
2020-12-04,0.00071046
2020-12-07,-0.0081222351
2020-12-08,-0.0018809908
2020-12-09,-0.011205605700000001
2020-12-10,0.00038903140000000005
2020-12-11,-0.0077327800999999995
2020-12-14,0.0065514935
2020-12-15,-0.0005602353000000001
2020-12-16,-7.40668e-05
2020-12-17,0.0112533974
2020-12-18,-0.0029302706
2020-12-21,0.007562322999999999
2020-12-22,-0.0186480946
2020-12-23,0.0076076725999999996
2020-12-24,-0.005678410900000001
2020-12-25,0.0099459331
2020-12-28,0.0002128034
2020-12-29,-0.0053717006
2020-12-30,0.010481243099999999
2020-12-31,0.0171672022
2021-01-04,0.0086059613
2021-01-05,0.0073418799
2021-01-06,0.0062913103
2021-01-07,0.0071328582
2021-01-08,-0.0017047123
2021-01-11,-0.010814910300000001
2021-01-12,0.021758784599999997
2021-01-13,-0.0026846425000000003
2021-01-14,-0.009099852299999999
2021-01-15,0.0001327013
2021-01-18,0.0083686871
2021-01-19,-0.0082982324
2021-01-20,0.0046855897
2021-01-21,0.0106533966
2021-01-22,-0.0040081308
2021-01-25,0.0048488257
2021-01-26,-0.015122930299999999
2021-01-27,0.0010960296
2021-01-28,-0.0190760681
2021-01-29,-0.0063068732
2021-02-01,0.006377823299999999
2021-02-02,0.0081024257
2021-02-03,-0.0046345106
2021-02-04,-0.0043922227
2021-02-05,-0.0015781046
2021-02-08,0.0103290508
2021-02-09,0.0201113579
2021-02-10,0.0143191779
2021-02-18,0.0055454479
2021-02-19,0.0056622797
2021-02-22,-0.0145348101
2021-02-23,-0.001671295
2021-02-24,-0.0198763196
2021-02-25,0.0058825561
2021-02-26,-0.0211895201
2021-03-01,0.012059968800000001
2021-03-02,-0.012054007499999998
2021-03-03,0.0194702934
2021-03-04,-0.0205241432
2021-03-05,-0.00042954289999999997
2021-03-08,-0.023007683
2021-03-09,-0.018156849200000002
2021-03-10,-0.0004628356
2021-03-11,0.023555774399999996
2021-03-12,0.0047271449999999994
2021-03-15,-0.0095949477
2021-03-16,0.007832814700000001
2021-03-17,-0.00034307850000000003
2021-03-18,0.0050840056
2021-03-19,-0.0168650163
2021-03-22,0.011389026
2021-03-23,-0.0092728224
2021-03-24,-0.013028897900000001
2021-03-25,-0.0010303052
2021-03-26,0.0162728441
2021-03-29,0.004964154
2021-03-30,0.00622386
2021-03-31,-0.0042714728
2021-04-01,0.0070948948
2021-04-02,0.005210378799999999
2021-04-06,-0.0004089666
2021-04-07,-0.0009594692000000001
2021-04-08,0.0008418147
2021-04-09,-0.0091535099
2021-04-12,-0.0109339407
2021-04-13,-0.0048279966
2021-04-14,0.0059624257
2021-04-15,-0.0051902684
2021-04-16,0.0081289796
2021-04-19,0.0148632567
2021-04-20,-0.0013244388
2021-04-21,-3.7144e-06
2021-04-22,-0.0022505494000000003
2021-04-23,0.0026123817
2021-04-26,-0.0094987401
2021-04-27,0.00042000299999999996
2021-04-28,0.0041994868
2021-04-29,0.0051583592000000004
2021-04-30,-0.008070647
2021-05-06,-0.0016170677
2021-05-07,-0.006511671
2021-05-10,0.0026666089
2021-05-11,0.0040415802
2021-05-12,0.0060740381
2021-05-13,-0.0095921414
2021-05-14,0.0177400378
2021-05-17,0.0078042017
2021-05-18,0.0032404335
2021-05-19,-0.0051146575000000005
2021-05-20,-0.0011450699
2021-05-21,-0.0058134654
2021-05-24,0.003076158
2021-05-25,0.0240357219
2021-05-26,0.0033549437
2021-05-27,0.004311762
2021-05-28,-0.0022351437
2021-05-31,0.004080472
2021-06-01,0.0025547111
2021-06-02,-0.0076077455000000006
2021-06-03,-0.0035933568
2021-06-04,0.0021295057
2021-06-07,0.0021427151
2021-06-08,-0.0053992162
2021-06-09,0.0031535935
2021-06-10,0.0054192011
2021-06-11,-0.0058465036000000005
2021-06-15,-0.0092455234
2021-06-16,-0.010749097700000002
2021-06-17,0.0020677428
2021-06-18,-0.0001439186
2021-06-21,0.0011590604
2021-06-22,0.0079988494
2021-06-23,0.0024759291
2021-06-24,0.0001216975
2021-06-25,0.011469545699999998
2021-06-28,-0.0003297518
2021-06-29,-0.0092043467
2021-06-30,0.0050428779
2021-07-01,-0.0006725891000000001
2021-07-02,-0.0195113851
2021-07-05,0.0044227802
2021-07-06,-0.0011496688
2021-07-07,0.0066444419
2021-07-08,-0.0079386209
2021-07-09,-0.00040158800000000003
2021-07-12,0.0067387929
2021-07-13,0.0052669568
2021-07-14,-0.0106606365
2021-07-15,0.010227884
2021-07-16,-0.0070937748
2021-07-19,-5.12248e-05
2021-07-20,-0.0006589204
2021-07-21,0.0073147109
2021-07-22,0.0033888432
2021-07-23,-0.006808338000000001
2021-07-26,-0.0233651375
2021-07-27,-0.0248764442
2021-07-28,-0.0057949535
2021-07-29,0.0149139269
2021-07-30,-0.0042109502
2021-08-02,0.019700017400000002
2021-08-03,-0.0047034231
2021-08-04,0.0084765873
2021-08-05,-0.0030684007
2021-08-06,-0.0024004853
2021-08-09,0.0105276758
2021-08-10,0.0101000826
2021-08-11,0.0007621679000000001
2021-08-12,-0.0022317422
2021-08-13,-0.0023940791
2021-08-16,0.000297415
2021-08-17,-0.0200061996
2021-08-18,0.0111140606
2021-08-19,-0.0056613146
2021-08-20,-0.0110287687
2021-08-23,0.014529749000000002
2021-08-24,0.010738418599999999
2021-08-25,0.007373143800000001
2021-08-26,-0.0109364982
2021-08-27,0.0058521886
2021-08-30,0.0017019402
2021-08-31,0.0044751483
2021-09-01,0.0065352683
2021-09-02,0.0083938755
2021-09-03,-0.0042557739
2021-09-06,0.011202645300000001
2021-09-07,0.0151102778
2021-09-08,-0.0003808152
2021-09-09,0.0048822284
2021-09-10,0.0027025047000000003
2021-09-13,0.0033112704999999996
2021-09-14,-0.014203368000000001
2021-09-15,-0.0017414671
2021-09-16,-0.013437637
2021-09-17,0.0019057179
2021-09-22,0.0040186872
2021-09-23,0.0037841364
2021-09-24,-0.0080042108
2021-09-27,-0.008368678899999999
2021-09-28,0.005411280000000001
2021-09-29,-0.0183009448
2021-09-30,0.009012937399999999
2021-10-08,0.0067260869
2021-10-11,-0.00012747180000000002
2021-10-12,-0.0124655154
2021-10-13,0.0041799737
2021-10-14,-0.0009778306
2021-10-15,0.0039588515
2021-10-18,-0.0011836133
2021-10-19,0.0070107716
2021-10-20,-0.0017122565
2021-10-21,0.0021695562
2021-10-22,-0.0033881043
2021-10-25,0.0076087123
2021-10-26,-0.0033865277999999997
2021-10-27,-0.0098210278
2021-10-28,-0.012320280699999998
2021-10-29,0.0082194644
2021-11-01,-0.0008052803
2021-11-02,-0.010961045199999998
2021-11-03,-0.0020228899
2021-11-04,0.0080973566
2021-11-05,-0.0100083199
2021-11-08,0.0020229022
2021-11-09,0.0023926502999999997
2021-11-10,-0.0041460486000000005
2021-11-11,0.0115460683
2021-11-12,0.0017873713
2021-11-15,-0.0016381565000000002
2021-11-16,-0.0032592452999999997
2021-11-17,0.0044237489
2021-11-18,-0.0047084749
2021-11-19,0.0112655667
2021-11-22,0.0060966358
2021-11-23,0.00195688
2021-11-24,0.0010066899
2021-11-25,-0.0023725037
2021-11-26,-0.005605021700000001
2021-11-29,-0.0003907309
2021-11-30,0.00033412890000000003
2021-12-01,0.0036471693
2021-12-02,-0.0008525574
2021-12-03,0.0094006557
2021-12-06,-0.0050246544
2021-12-07,0.0016109241999999998
2021-12-08,0.011815927100000002
2021-12-09,0.009752039
2021-12-10,-0.0018222773999999999
2021-12-13,0.0040187403
2021-12-14,-0.0053127586
2021-12-15,-0.0037948666
2021-12-16,0.0075078058000000005
2021-12-17,-0.0116059903
2021-12-20,-0.0106712604
2021-12-21,0.0087720345
2021-12-22,-0.0006916451
2021-12-23,0.0057199796
2021-12-24,-0.006940226900000001
2021-12-27,-0.0005747289
2021-12-28,0.0039097072
2021-12-29,-0.0091212901
2021-12-30,0.0061685846
2021-12-31,0.0056882363
2022-01-04,-0.002045868
2022-01-05,-0.0102283689
2022-01-06,-0.0025303072
2022-01-07,-0.0018227428
2022-01-10,0.0039044094000000003
2022-01-11,-0.0072568984000000005
2022-01-12,0.0084069227
2022-01-13,-0.0117232511
2022-01-14,-0.0095640303
2022-01-17,0.0057962557999999996
2022-01-18,0.0079760203
2022-01-19,-0.0032871376
2022-01-20,-0.0008759254
2022-01-21,-0.0091404852
2022-01-24,0.0004363578
2022-01-25,-0.0258345878
2022-01-26,0.0065849977
2022-01-27,-0.0177738434
2022-01-28,-0.0096656773
2022-02-07,0.0202714331
2022-02-08,0.0067203255
2022-02-09,0.0079119423
2022-02-10,0.0017130439
2022-02-11,-0.0065862913999999995
2022-02-14,-0.0098372257
2022-02-15,0.0050180786
2022-02-16,0.005728814
2022-02-17,0.0006361823
2022-02-18,0.006551807400000001
2022-02-21,-4.15383e-05
2022-02-22,-0.009587515599999999
2022-02-23,0.0092563346
2022-02-24,-0.0169640627
2022-02-25,0.0062536363
2022-02-28,0.0031582201
2022-03-01,0.007662031299999999
2022-03-02,-0.0013308455
2022-03-03,-0.0008837344
2022-03-04,-0.009612875199999999
2022-03-07,-0.021694145800000002
2022-03-08,-0.0235186794
2022-03-09,-0.011277170400000001
2022-03-10,0.0121925873
2022-03-11,0.0041426329
2022-03-14,-0.026048488800000002
2022-03-15,-0.049500845800000005
2022-03-16,0.0348388748
2022-03-17,0.013982419
2022-03-18,0.011206034600000001
2022-03-21,0.0008038270999999999
2022-03-22,0.0018982165
2022-03-23,0.0034267096
2022-03-24,-0.0063490961999999995
2022-03-25,-0.0116988944
2022-03-28,0.0007044306
2022-03-29,-0.0032861693
2022-03-30,0.0195561133
2022-03-31,-0.0044061159
2022-04-01,0.009382471199999999
2022-04-06,0.00021613199999999998
2022-04-07,-0.0142323898
2022-04-08,0.0046822761000000004
2022-04-11,-0.026054182899999997
2022-04-12,0.0145884949
2022-04-13,-0.0082484849
2022-04-14,0.012180401300000001
2022-04-15,-0.0044631126
2022-04-18,-0.004895547
2022-04-19,-0.0004679358
2022-04-20,-0.0134560156
2022-04-21,-0.022609004800000002
2022-04-22,0.0023091052
2022-04-25,-0.051315724400000005
2022-04-26,-0.014371156000000001
2022-04-27,0.0248945608
2022-04-28,0.0058151319
2022-04-29,0.0240557774
2022-05-05,0.0067922139999999995
2022-05-06,-0.0215786854
2022-05-09,0.0008596862
2022-05-10,0.0105532001
2022-05-11,0.0075295366
2022-05-12,-0.0012125075
2022-05-13,0.0095877439
2022-05-16,-0.0034159299999999997
2022-05-17,0.0064896975
2022-05-18,-0.0024952997
2022-05-19,0.003560623
2022-05-20,0.0160164881
2022-05-23,9.21639e-05
2022-05-24,-0.0241288666
2022-05-25,0.011897677
2022-05-26,0.0050342657
2022-05-27,0.0022834625999999998
2022-05-30,0.006012735
2022-05-31,0.0118658875
2022-06-01,-0.0013402158
2022-06-02,0.0041799954
2022-06-06,0.0128037671
2022-06-07,0.0016659396000000002
2022-06-08,0.0067956530000000005
2022-06-09,-0.0076105001000000005
2022-06-10,0.0141650038
2022-06-13,-0.0089146055
2022-06-14,0.0102457307
2022-06-15,0.0050168649
2022-06-16,-0.0060573788
2022-06-17,0.0095578463
2022-06-20,-0.00040867880000000005
2022-06-21,-0.0026275926
2022-06-22,-0.011950518
2022-06-23,0.016205642200000002
2022-06-24,0.0089147513
2022-06-27,0.0087881861
2022-06-28,0.0088853076
2022-06-29,-0.0139893394
2022-06-30,0.0110362055
2022-07-01,-0.0032303736999999997
2022-07-04,0.0052512706
2022-07-05,-0.000411549
2022-07-06,-0.0142993947
2022-07-07,0.0026966787
2022-07-08,-0.002473013
2022-07-11,-0.0126617446
2022-07-12,-0.009692677200000001
2022-07-13,0.000860987
2022-07-14,-0.0007757532000000001
2022-07-15,-0.0163581011
2022-07-18,0.0155023098
2022-07-19,0.0004051123
2022-07-20,0.0077126176999999995
2022-07-21,-0.009901915300000001
2022-07-22,-0.0006195902
2022-07-25,-0.0059896197
2022-07-26,0.008321345
2022-07-27,-0.0005126874
2022-07-28,0.0020821152
2022-07-29,-0.0089373717
2022-08-01,0.0020657264
2022-08-02,-0.0226052264
2022-08-03,-0.0070905245
2022-08-04,0.0080175768
2022-08-05,0.011911926699999999
2022-08-08,0.0030700086999999997
2022-08-09,0.0032432237
2022-08-10,-0.0053617138
2022-08-11,0.0159891889
2022-08-12,-0.0014558766
2022-08-15,-0.00024434770000000003
2022-08-16,0.0005487339
2022-08-17,0.0044666916
2022-08-18,-0.0045503665
2022-08-19,-0.0059390206
2022-08-22,0.0060513890999999995
2022-08-23,-0.0004792552
2022-08-24,-0.018625134
2022-08-25,0.0096556258
2022-08-26,-0.0030883345
2022-08-29,0.0013920241
2022-08-30,-0.004167952999999999
2022-08-31,-0.007772168499999999
2022-09-01,-0.005358326599999999
2022-09-02,0.0004704583
2022-09-05,0.0042158457
2022-09-06,0.013605
2022-09-07,0.0008779858
2022-09-08,-0.0032985611
2022-09-09,0.008180279700000001
2022-09-13,0.0005343259
2022-09-14,-0.008044403
2022-09-15,-0.0116209152
2022-09-16,-0.022975896200000002
2022-09-19,-0.0034531115
2022-09-20,0.0021838156
2022-09-21,-0.0016744781000000001
2022-09-22,-0.0026523353999999997
2022-09-23,-0.006606850199999999
2022-09-26,-0.0120268964
2022-09-27,0.013973333999999999
2022-09-28,-0.0157715513
2022-09-29,-0.0012683465999999998
2022-09-30,-0.0055287632
2022-10-10,-0.0166132978
2022-10-11,0.0018987639
2022-10-12,0.015340967
2022-10-13,-0.0030240897
2022-10-14,0.0184430147
2022-10-17,0.0042173033
2022-10-18,-0.0012917259
2022-10-19,-0.011872835399999998
2022-10-20,-0.0030637788
2022-10-21,0.0012779688999999999
2022-10-24,-0.020195831499999997
2022-10-25,-0.0004273304
2022-10-26,0.0078018791
2022-10-27,-0.0055344824
2022-10-28,-0.0224536977
2022-10-31,-0.0076966296
2022-11-01,0.0261679791
2022-11-02,0.011508286999999999
2022-11-03,-0.0018526522
2022-11-04,0.0243480423
2022-11-07,0.0022862473
2022-11-08,-0.0043291073
2022-11-09,-0.0053272111
2022-11-10,-0.0039485362
2022-11-11,0.0168506519
2022-11-14,-0.0012604246999999998
2022-11-15,0.0164352593
2022-11-16,-0.004498101500000001
2022-11-17,-0.0014569643
2022-11-18,-0.005839153000000001
2022-11-21,-0.003938599300000001
2022-11-22,0.0012635799
2022-11-23,0.0025784552
2022-11-24,-0.0024533185
2022-11-25,0.0040085332
2022-11-28,-0.007461956600000001
2022-11-29,0.023127555100000002
2022-11-30,0.0005040086
2022-12-01,0.0044856541
2022-12-02,-0.0029464493000000004
2022-12-05,0.017638674400000002
2022-12-06,0.000223861
2022-12-07,-0.0040198804
2022-12-08,-0.0007093030999999999
2022-12-09,0.0030025804
2022-12-12,-0.008702505000000001
2022-12-13,-0.0008544084
2022-12-14,6.29029e-05
2022-12-15,-0.002479911
2022-12-16,-0.0002493808
2022-12-19,-0.0191746624
2022-12-20,-0.010733139899999999
2022-12-21,-0.0017422927
2022-12-22,-0.0045558441
2022-12-23,-0.0028040899000000004
2022-12-26,0.0064665344000000005
2022-12-27,0.009787828200000001
2022-12-28,-0.0026386435
2022-12-29,-0.0044367757
2022-12-30,0.0050610964
2023-01-03,0.0088221835
2023-01-04,0.0022475448
2023-01-05,0.010148754099999999
2023-01-06,0.0007670789999999999
2023-01-09,0.0058423444
2023-01-10,-0.0020708832
2023-01-11,-0.0024198084
2023-01-12,0.0005102413
2023-01-13,0.0100696995
2023-01-16,0.010104103
2023-01-17,-0.0010369341999999998
2023-01-18,4.99962e-05
2023-01-19,0.0049228912000000005
2023-01-20,0.0075716927
2023-01-30,0.0013796193
2023-01-31,-0.0041748157
2023-02-01,0.008984973
2023-02-02,0.00022807239999999998
2023-02-03,-0.0067762729
2023-02-06,-0.007571261700000001
2023-02-07,0.0029012278000000004
2023-02-08,-0.004922179
2023-02-09,0.011842525100000001
2023-02-10,-0.002968827
2023-02-13,0.0072029600000000004
2023-02-14,0.0027777576
2023-02-15,-0.0038838454
2023-02-16,-0.0095907568
2023-02-17,-0.0076962059
2023-02-20,0.0205687035
2023-02-21,0.0049190383
2023-02-22,-0.004650171
2023-02-23,-0.0011153252
2023-02-24,-0.0061802105
2023-02-27,-0.0027930376
2023-02-28,0.0066208325
2023-03-01,0.0099836709
2023-03-02,-0.0005114801
2023-03-03,0.005358186700000001
2023-03-06,-0.0019128752
2023-03-07,-0.011115837500000001
2023-03-08,-0.0005634229
2023-03-09,-0.0021790009
2023-03-10,-0.014046332100000001
2023-03-13,0.011956032299999999
2023-03-14,-0.007153679499999999
2023-03-15,0.0055472319
2023-03-16,-0.0111615343
2023-03-17,0.007330523
2023-03-20,-0.0048101765
2023-03-21,0.0064113679
2023-03-22,0.0031013771000000002
2023-03-23,0.0064002499
2023-03-24,-0.006388086899999999
2023-03-27,-0.004365619
2023-03-28,-0.0018518501000000002
2023-03-29,-0.0016390088999999998
2023-03-30,0.0065405335
2023-03-31,0.0035605076000000003
2023-04-03,0.0071912024
2023-04-04,0.0049028697
2023-04-06,2.11921e-05
2023-04-07,0.0045334701
2023-04-10,-0.0036926708
2023-04-11,-0.0005390972000000001
2023-04-12,0.0041076838
2023-04-13,-0.0026502311
2023-04-14,0.0059633908
2023-04-17,0.0142165464
2023-04-18,0.0022807415
2023-04-19,-0.0068377941
2023-04-20,-0.0009190451
2023-04-21,-0.0195345692
2023-04-24,-0.0078286835
2023-04-25,-0.0032183117
2023-04-26,-0.0002361808
2023-04-27,0.0066737526
2023-04-28,0.011379036899999998
2023-05-04,0.0081799139
2023-05-05,-0.0047623031
2023-05-08,0.0181438744
2023-05-09,-0.0109964243
2023-05-10,-0.0114722686
2023-05-11,-0.0028921255000000003
2023-05-12,-0.0112369617
2023-05-15,0.011726942499999999
2023-05-16,-0.0059652282000000004
2023-05-17,-0.002052697
2023-05-18,0.0039850717
2023-05-19,-0.0041786058
2023-05-22,0.0039371816
2023-05-23,-0.0152379989
2023-05-24,-0.012780517
2023-05-25,-0.0010886655000000001
2023-05-26,0.0035121478
2023-05-29,0.0027843079999999997
2023-05-30,0.0008582784999999999
2023-05-31,-0.006094168800000001
2023-06-01,2.1875000000000003e-05
2023-06-02,0.0079366617
2023-06-05,0.0007344736
2023-06-06,-0.0114775799
2023-06-07,0.0007568208
2023-06-08,0.0049493415
2023-06-09,0.005545208
2023-06-12,-0.0007959075000000001
2023-06-13,0.0014989314000000001
2023-06-14,-0.0014487239
2023-06-15,0.0074284558999999995
2023-06-16,0.0062585785000000005
2023-06-19,-0.0053549071
2023-06-20,-0.0047425741999999995
2023-06-21,-0.0131046048
2023-06-26,-0.0147853853
2023-06-27,0.0123225948
2023-06-28,-2.0975500000000003e-05
2023-06-29,-0.0021930937
2023-06-30,0.0061843943
2023-07-03,0.0130892831
2023-07-04,0.0004236161
2023-07-05,-0.0069028935
2023-07-06,-0.005390129099999999
2023-07-07,-0.0027968775000000003
2023-07-10,0.0022169116
2023-07-11,0.0055157546000000005
2023-07-12,-0.00783298
2023-07-13,0.012623470699999998
2023-07-14,0.0003773235
2023-07-17,-0.0086701639
2023-07-18,-0.0036794586000000002
2023-07-19,0.00031762260000000003
2023-07-20,-0.0091638964
2023-07-21,-0.0005605893
2023-07-24,-0.0011315303999999999
2023-07-25,0.0212885831
2023-07-26,-0.0026282977
2023-07-27,-0.0019723689
2023-07-28,0.018421157100000002
2023-07-31,0.0046136883
2023-08-01,-2.7498900000000002e-05
2023-08-02,-0.0088907477
2023-08-03,0.0057553901
2023-08-04,0.0023233309
2023-08-07,-0.0058554157
2023-08-08,-0.00251206
2023-08-09,-0.0049478019
2023-08-10,0.0031046512999999996
2023-08-11,-0.020067752900000003
2023-08-14,-0.0033929001
2023-08-15,-0.0007083378
2023-08-16,-0.0082010889
2023-08-17,0.0043209677
2023-08-18,-0.010047066799999999
2023-08-21,-0.0124444077
2023-08-22,0.0088445837
2023-08-23,-0.013438209699999999
2023-08-24,0.0012479851
2023-08-25,-0.0058947963
2023-08-28,0.0112796206
2023-08-29,0.012021546400000001
2023-08-30,0.0003988665
2023-08-31,-0.0055021815
2023-09-01,0.0042855223
2023-09-04,0.013983450500000001
2023-09-05,-0.007142137
2023-09-06,0.0011753855
2023-09-07,-0.0113121375
2023-09-08,-0.0018041526
2023-09-11,0.0083613246
2023-09-12,-0.0018199498
2023-09-13,-0.0044603556
2023-09-14,0.0011156341
2023-09-15,-0.0028170657
2023-09-18,0.0026264188
2023-09-19,-0.00031197099999999997
2023-09-20,-0.005244488699999999
2023-09-21,-0.0076777799
2023-09-22,0.015473331100000001
2023-09-25,-0.005371067
2023-09-26,-0.0042799042
2023-09-27,0.0016255825
2023-09-28,0.0010168584
2023-10-09,-0.0043571798
2023-10-10,-0.0070025326
2023-10-11,0.0012095006
2023-10-12,0.0094009475
2023-10-13,-0.0063713747
2023-10-16,-0.0046261793
2023-10-17,0.0031502891999999998
2023-10-18,-0.0080384722
2023-10-19,-0.017431009600000002
2023-10-20,-0.0074316061
2023-10-23,-0.0146719215
2023-10-24,0.007808821099999999
2023-10-25,0.0040070302
2023-10-26,0.004769723799999999
2023-10-27,0.0098668165
2023-10-30,0.0012489959
2023-10-31,-0.0009209832
2023-11-01,0.0014263754
2023-11-02,-0.0045221151
2023-11-03,0.007108346800000001
2023-11-06,0.0091107368
2023-11-07,-0.0003730042
2023-11-08,-0.0016017887
2023-11-09,0.0002970149
2023-11-10,-0.0046865351
2023-11-13,0.0024886722
2023-11-14,0.0031305750999999996
2023-11-15,0.0054856395
2023-11-16,-0.007129931000000001
2023-11-17,0.0011274611
2023-11-20,0.004568412
2023-11-21,-0.0001258996
2023-11-22,-0.0079277486
2023-11-23,0.005994589999999999
2023-11-24,-0.0068208625
2023-11-27,-0.003048861
2023-11-28,0.0022608766
2023-11-29,-0.0055510276
2023-11-30,0.0026426625
2023-12-01,0.0006479578
2023-12-04,-0.0028769947
2023-12-05,-0.0167447381
2023-12-06,-0.0011312804
2023-12-07,-0.0009186127
2023-12-08,0.0011305013
2023-12-11,0.0073677934
2023-12-12,0.004011214
2023-12-13,-0.0115458359
2023-12-14,-0.0032926198
2023-12-15,-0.0055521730000000005
2023-12-18,-0.0039942135
2023-12-19,0.0005415579999999999
2023-12-20,-0.0103264544
2023-12-21,0.005721803199999999
2023-12-22,-0.0013498064000000002
2023-12-25,0.0013851496999999998
2023-12-26,-0.0068294552
2023-12-27,0.0054279953
2023-12-28,0.0137547211
2023-12-29,0.0068471507
2024-01-02,-0.0042550849
2024-01-03,0.0016781015
2024-01-04,-0.0043469921
2024-01-05,-0.0085180537
2024-01-08,-0.01421741
2024-01-09,0.0019786407
2024-01-10,-0.0053742307
2024-01-11,0.0031093904
2024-01-12,-0.0016189353
2024-01-15,0.0014968544999999999
2024-01-16,0.0026670216
2024-01-17,-0.0208616579
2024-01-18,0.0042944081
2024-01-19,-0.0047454763
2024-01-22,-0.0268121156
2024-01-23,0.0053100853000000005
2024-01-24,0.0179704171
2024-01-25,0.030252995600000002
2024-01-26,0.0014156387000000001
2024-01-29,-0.0092318365
2024-01-30,-0.0183221912
2024-01-31,-0.0148305972
2024-02-01,-0.006386082899999999
2024-02-02,-0.0146489009
2024-02-05,-0.010243752
2024-02-06,0.0323075585
2024-02-07,0.0144146986
2024-02-08,0.0127955813
2024-02-19,0.0155765205
2024-02-20,0.0041869149
2024-02-21,0.0096572034
2024-02-22,0.0126746062
2024-02-23,0.0055291906
2024-02-26,-0.0092712157
2024-02-27,0.0129184798
2024-02-28,-0.0191108171
2024-02-29,0.019378519400000002
2024-03-01,0.0039298598
2024-03-04,0.0040584794
2024-03-05,0.0027926117
2024-03-06,-0.002579637
2024-03-07,-0.0041216726
2024-03-08,0.0061497959
2024-03-11,0.007365744800000001
2024-03-12,-0.0040803591
2024-03-13,-0.0039596392
2024-03-14,-0.0018400146
2024-03-15,0.005398531
2024-03-18,0.0099161736
2024-03-19,-0.007186687299999999
2024-03-20,0.0055277341999999995
2024-03-21,-0.0008354422999999999
2024-03-22,-0.0094502217
2024-03-25,-0.0071285631000000006
2024-03-26,0.001710138
2024-03-27,-0.0126479768
2024-03-28,0.005854990799999999
2024-03-29,0.010131752999999999
2024-04-01,0.0119071729
2024-04-02,-0.0007863836000000001
2024-04-03,-0.0018415532000000002
2024-04-08,-0.0072470367
2024-04-09,0.0004871265
2024-04-10,-0.0069548117
2024-04-11,0.0022830312
2024-04-12,-0.0048687213
2024-04-15,0.012553215
2024-04-16,-0.016455115
2024-04-17,0.021387111299999997
2024-04-18,0.0009259680000000001
2024-04-19,-0.0029157271
2024-04-22,-0.0067419381
2024-04-23,-0.007428803699999999
2024-04-24,0.007559553300000001
2024-04-25,0.0026529299
2024-04-26,0.011705493099999999
2024-04-29,0.0079023564
2024-04-30,-0.0026400854
2024-05-06,0.011561329799999999
2024-05-07,0.0022343918
2024-05-08,-0.006118107699999999
2024-05-09,0.0082596985
2024-05-10,7.19965e-05
2024-05-13,-0.0020689182
2024-05-14,-0.0007135912
2024-05-15,-0.0082244298
2024-05-16,0.0008009546
2024-05-17,0.0101285197
2024-05-20,0.0054276022
2024-05-21,-0.0041560381
2024-05-22,0.0001818259
2024-05-23,-0.013345691799999998
2024-05-24,-0.008829615800000001
2024-05-27,0.0113867512
2024-05-28,-0.004632011
2024-05-29,0.00046485499999999997
2024-05-30,-0.0062165510999999994
2024-05-31,-0.0015733852000000001
2024-06-03,-0.0026968587999999997
2024-06-04,0.004128811600000001
2024-06-05,-0.0083449168
2024-06-06,-0.0054183733
2024-06-07,0.0008150108000000001
2024-06-11,-0.0076143815000000005
2024-06-12,0.0031117106
2024-06-13,-0.0028144499
2024-06-14,0.0012263782
2024-06-17,-0.0055208126
2024-06-18,0.00476002
2024-06-19,-0.0040251842
2024-06-20,-0.0041789247
2024-06-21,-0.0024286652
2024-06-24,-0.0116868548
2024-06-25,-0.0044219246
2024-06-26,0.007636890899999999
2024-06-27,-0.0089730781
2024-06-28,0.0073155057
2024-07-01,0.0092092317
2024-07-02,0.0007616045000000001
2024-07-03,-0.0048833653
2024-07-04,-0.0083184023
2024-07-05,-0.0025810741999999997
2024-07-08,-0.0093166513
2024-07-09,0.0126341263
2024-07-10,-0.0067611633
2024-07-11,0.0105545976
2024-07-12,0.0003055494
2024-07-15,0.0009139786
2024-07-16,0.0007712144
2024-07-17,-0.0045188256
2024-07-18,0.0048191695000000005
2024-07-19,0.0017383165000000001
2024-07-22,-0.006066810099999999
2024-07-23,-0.0164788964
2024-07-24,-0.0046020597
2024-07-25,-0.0052413689
2024-07-26,0.0014395816
2024-07-29,0.00032792590000000005
2024-07-30,-0.0043383026
2024-07-31,0.020647278199999997
2024-08-01,-0.0021649346
2024-08-02,-0.0092244302
2024-08-05,-0.015364721
2024-08-06,0.0023022005
2024-08-07,0.0008893782999999999
2024-08-08,2.35554e-05
2024-08-09,-0.0026855626
2024-08-12,-0.0013938607
2024-08-13,0.0034082235
2024-08-14,-0.0060294371
2024-08-15,0.0093676753
2024-08-16,0.0007200703
2024-08-19,0.0049468127
2024-08-20,-0.0093351227
2024-08-21,-0.0035152744000000002
2024-08-22,-0.00273477
2024-08-23,0.00196425
2024-08-26,0.00040387230000000005
2024-08-27,-0.0023775352
2024-08-28,-0.0039673452
2024-08-29,-0.0050479848
2024-08-30,0.0067685025
2024-09-02,-0.0109700388
2024-09-03,-0.0028659551
2024-09-04,-0.0066716169
2024-09-05,0.0014494959
2024-09-06,-0.008072082000000001
2024-09-09,-0.0106005243
2024-09-10,0.0028154705
2024-09-11,-0.0081615642
2024-09-12,-0.0017165509000000002
2024-09-13,-0.0047968014
2024-09-18,0.0048784256
2024-09-19,0.0068969304
2024-09-20,0.0002893617
2024-09-23,0.0044225879
2024-09-24,0.041546460300000004
2024-09-25,0.0115888039
2024-09-26,0.036131165300000004
2024-09-27,0.028849505999999997
2024-09-30,0.0806369211
2024-10-08,0.04593970309999999
2024-10-09,-0.06616967950000001
2024-10-10,0.013215704
2024-10-11,-0.0254966957
2024-10-14,0.0206930478
2024-10-15,-0.0252808913
2024-10-16,0.0005173224
2024-10-17,-0.010479002500000001
2024-10-18,0.0290841978
2024-10-21,0.0020072276
2024-10-22,0.005433385
2024-10-23,0.0051541649
2024-10-24,-0.006824597599999999
2024-10-25,0.0059256843
2024-10-28,0.006817952499999999
2024-10-29,-0.0107731404
2024-10-30,-0.0061371583
2024-10-31,0.0041597094
2024-11-01,-0.002381286
2024-11-04,0.0116726266
2024-11-05,0.023194832000000002
2024-11-06,-0.0009390943
2024-11-07,0.025667752500000002
2024-11-08,-0.0052911536
2024-11-11,0.0051468919000000005
2024-11-12,-0.013860141
2024-11-13,0.0050578174
2024-11-14,-0.0172823783
2024-11-15,-0.0145310476
2024-11-18,-0.002064925
2024-11-19,0.0066673314
2024-11-20,0.006568869000000001
2024-11-21,0.0007169262999999999
2024-11-22,-0.030623125
2024-11-25,-0.0010504128
2024-11-26,-0.0012263464
2024-11-27,0.0153452226
2024-11-28,-0.0042542419
2024-11-29,0.0093325897
2024-12-02,0.011281256500000001
2024-12-03,0.0044066819
2024-12-04,-0.0041897932999999995
2024-12-05,0.0012499072
2024-12-06,0.010454916199999999
2024-12-09,-0.0004530157
2024-12-10,0.0059151204
2024-12-11,0.0028718885
2024-12-12,0.008451473499999999
2024-12-13,-0.0201131313
2024-12-16,-0.0016353771
2024-12-17,-0.0073372032
2024-12-18,0.006164864599999999
2024-12-19,-0.0035997194
2024-12-20,-0.0005827242
2024-12-23,-0.0049916431
2024-12-24,0.012613475700000001
2024-12-25,-5.24528e-05
2024-12-26,0.0013928418
2024-12-27,0.0006078439
2024-12-30,0.0021128235
2024-12-31,-0.0163068933
2025-01-02,-0.0266135464
2025-01-03,-0.0156719843
2025-01-06,-0.0014034558
2025-01-07,0.0070850162000000005
2025-01-08,0.00016224700000000002
2025-01-09,-0.0058122675
2025-01-10,-0.013349190200000001
2025-01-13,-0.0024518673
2025-01-14,0.0253689388
2025-01-15,-0.0042652131999999995
2025-01-16,0.0027626209000000002
2025-01-17,0.0017889811
2025-01-20,0.0007885691000000001
2025-01-21,-0.0005409358
2025-01-22,-0.0089430389
2025-01-23,0.005146837800000001
2025-01-24,0.0069540438
2025-01-27,-0.000622789
2025-02-05,-0.006495138
2025-02-06,0.012748709700000001
2025-02-07,0.0100919099
2025-02-10,0.0056008073
2025-02-11,-0.0012380162
2025-02-12,0.0085376776
2025-02-13,-0.0041545723
2025-02-14,0.0042735707
2025-02-17,0.0027206903
2025-02-18,-0.0093386744
2025-02-19,0.0081361638
2025-02-20,-0.0002255382
2025-02-21,0.0084545903
2025-02-24,-0.0018008277
2025-02-25,-0.0080010611
2025-02-26,0.010213447
2025-02-27,0.0023216871
2025-02-28,-0.0198239867
2025-03-03,-0.0011960623
2025-03-04,0.0021961906
2025-03-05,0.0053411188
2025-03-06,0.0117096981
2025-03-07,-0.0025295035
2025-03-10,-0.0018925761999999998
2025-03-11,0.004059637
2025-03-12,-0.0023388466
2025-03-13,-0.0039131967
2025-03-14,0.0181119433
2025-03-17,0.0019203924
2025-03-18,0.0010597384
2025-03-19,-0.0009709719
2025-03-20,-0.0051017837
2025-03-21,-0.012941675100000001
2025-03-24,0.0015446840000000002
2025-03-25,-1.54301e-05
2025-03-26,-0.0003795279
2025-03-27,0.0014995707999999998
2025-03-28,-0.006651977
2025-03-31,-0.004643144
2025-04-01,0.0038039165000000002
2025-04-02,0.0005051614
2025-04-03,-0.0024234607
2025-04-07,-0.0734383407
2025-04-08,0.0158151768
2025-04-09,0.0131172011
2025-04-10,0.0115563843
2025-04-11,0.0045256013
2025-04-14,0.0075907901
2025-04-15,0.0014879211000000002
2025-04-16,0.002552773
2025-04-17,0.0013239606
2025-04-18,-0.0011007392
2025-04-21,0.0044873084
2025-04-22,0.002528685
2025-04-23,-0.0010309547
2025-04-24,0.0002830095
2025-04-25,-0.0006757371
2025-04-28,-0.0020167463
2025-04-29,-0.0005351819
2025-04-30,-0.0023195013
2025-05-06,0.0113088579
2025-05-07,0.008006843
2025-05-08,0.0027913954
2025-05-09,-0.0029823725000000002
2025-05-12,0.0081524862
2025-05-13,0.0016698699
2025-05-14,0.008615856
2025-05-15,-0.0067940813
2025-05-16,-0.0039515545
2025-05-19,3.59321e-05
2025-05-20,0.0038291856000000003
2025-05-21,0.0020989931
2025-05-22,-0.002180056
2025-05-23,-0.0094127295
2025-05-26,-0.0004578046
2025-05-27,-0.0018380927
2025-05-28,-0.00022603140000000002
2025-05-29,0.0070401435
2025-05-30,-0.0047445989999999995
2025-06-03,0.0043280821
2025-06-04,0.0042318571
2025-06-05,0.0023386035
2025-06-06,0.00037215230000000005
2025-06-09,0.0042576591
2025-06-10,-0.0043989132
2025-06-11,0.005170029499999999
2025-06-12,0.0001005492
2025-06-13,-0.007541751199999999
2025-06-16,0.0034744785
2025-06-17,-0.00039082499999999997
2025-06-18,0.00041438799999999996
2025-06-19,-0.0078789932
2025-06-20,-0.0006581585
2025-06-23,0.0064544271
2025-06-24,0.0115284517
2025-06-25,0.010351386300000001
2025-06-26,-0.0021760004
2025-06-27,-0.0070253812999999995
2025-06-30,0.005898820900000001
2025-07-01,0.0038676405
2025-07-02,-0.0008546026
2025-07-03,0.0018404
2025-07-04,0.003226846
2025-07-07,0.0002326687
2025-07-08,0.0070104546
2025-07-09,-0.0012654271
2025-07-10,0.0047615415
2025-07-11,0.0001411524
2025-07-14,0.0026986102000000002
2025-07-15,-0.00416263
2025-07-16,-0.00034861639999999997
2025-07-17,0.0037241526000000003
2025-07-18,0.005020778
2025-07-21,0.007160453799999999
2025-07-22,0.006199773699999999
2025-07-23,0.00012197569999999999
2025-07-24,0.0065401873
2025-07-25,-0.0033478964
2025-07-28,0.0011914331
2025-07-29,0.0032725421
2025-07-30,0.0016636787999999999
2025-07-31,-0.011756590300000001
2025-08-01,-0.0037099434
2025-08-04,0.0065610439
2025-08-05,0.009569033
2025-08-06,0.004532649000000001
2025-08-07,0.0015607341999999999
2025-08-08,-0.0012469549
2025-08-11,0.0034162757999999997
2025-08-12,0.0050365359
2025-08-13,0.0047865504
2025-08-14,-0.0046212468
2025-08-15,0.0082717509
2025-08-18,0.0084551638
2025-08-19,-0.00019833549999999999
2025-08-20,0.0104425794
2025-08-21,0.0012979890999999999
2025-08-22,0.0144945284
2025-08-25,0.015108765900000001
2025-08-26,-0.0039087058000000004
2025-08-27,-0.0175867068
2025-08-28,0.0113798732
2025-08-29,0.0037282781
2025-09-01,0.0045628127
2025-09-02,-0.004488934
2025-09-03,-0.011553981
2025-09-04,-0.012502948
2025-09-05,0.0123844761
2025-09-08,0.0037577302
2025-09-09,-0.0051082346
2025-09-10,0.0012945946
2025-09-11,0.016548934799999998
2025-09-12,-0.0012156449
2025-09-15,-0.0026080722
2025-09-16,0.0003526742
2025-09-17,0.0037483961
2025-09-18,-0.011527546500000001
2025-09-19,-0.0030187468
2025-09-22,0.0022216758
2025-09-23,-0.0017614119
2025-09-24,0.0083231011
2025-09-25,-8.82542e-05
2025-09-26,-0.0065388333
2025-09-29,0.0089928806
2025-09-30,0.005241562199999999
2025-10-09,0.0131851494
2025-10-10,-0.0093910928
2025-10-13,-0.0019311896
2025-10-14,-0.006240721500000001
2025-10-15,0.012154674700000001
2025-10-16,0.0010271689
2025-10-17,-0.0195271317
2025-10-20,0.006286155799999999
2025-10-21,0.013571702299999999
2025-10-22,-0.0006574008000000001
2025-10-23,0.002210791
2025-10-24,0.0071133307
2025-10-27,0.0118048918
2025-10-28,-0.0021818166
2025-10-29,0.0070475231000000004
2025-10-30,-0.0073276331
2025-10-31,-0.0080540755
2025-11-03,0.0054947797
2025-11-04,-0.004107787
2025-11-05,0.0022883521
2025-11-06,0.009702492
2025-11-07,-0.0025461106
2025-11-10,0.0052635914
2025-11-11,-0.0039415744
2025-11-12,-0.0006540491
2025-11-13,0.0073401438
2025-11-14,-0.0096808756
2025-11-17,-0.0046253193
2025-11-18,-0.008112139400000001
2025-11-19,0.001758789
2025-11-20,-0.0039757345
2025-11-21,-0.024461752099999998
2025-11-24,0.0004888536
2025-11-25,0.0086680565
2025-11-26,-0.0015086216
2025-11-27,0.0028660641
2025-11-28,0.0034415245
2025-12-01,0.0065344661000000005
2025-12-02,-0.0041631259
2025-12-03,-0.0050573265
2025-12-04,-0.0005689273
2025-12-05,0.006970005299999999
